,since,until,Tesla Stock Price,S&P 500 Variance,Ford Stock Price,GM Stock Price,Toyota Stock Price,Nissan Stock Price,Tesla Wikipedia Page Views,Sentiment,Previous Week Tesla Stock Price
1,2010-07-07,2010-07-14,1.144666600227356,36056.23194011829,10.964000129699707,34.189998626708984,71.21399993896485,14.713999938964843,1491.0,0.14415000000000003,1.4813334941864014
2,2010-07-15,2010-07-22,1.3728000164031982,35552.10727318678,11.595999908447265,34.189998626708984,70.74600067138672,14.2,1145.4,0.018235483870967732,1.144666600227356
3,2010-07-23,2010-07-30,1.3848000049591065,9178.074047698417,12.913999938964844,34.189998626708984,70.37200012207032,14.839999961853028,1449.4,0.0896032258064516,1.3728000164031982
4,2010-07-31,2010-08-07,1.3889332056045531,435.7324360413606,13.039999771118165,34.189998626708984,72.76399841308594,15.460000038146973,1102.2,0.1403225806451613,1.3848000049591065
5,2010-08-08,2010-08-15,1.2326666116714478,380.8257869032994,12.560000038146972,34.189998626708984,70.75600128173828,15.06200008392334,898.0,0.040080000000000005,1.3889332056045531
6,2010-08-16,2010-08-23,1.2611999750137328,316.10614986785504,12.002000045776366,34.189998626708984,70.69000091552735,15.200000190734864,801.0,0.1880225806451613,1.2326666116714478
7,2010-08-24,2010-08-31,1.3122667789459228,591.3453279899062,11.32800006866455,34.189998626708984,69.03000030517578,14.992000198364257,766.2,0.16820606060606064,1.2611999750137328
8,2010-09-01,2010-09-08,1.3849997520446777,615.9936097478216,11.797499895095825,34.189998626708984,69.0,15.745000123977661,808.5,0.11939999999999999,1.3122667789459228
9,2010-09-09,2010-09-16,1.3959999799728393,416.22625956548745,11.87599983215332,34.189998626708984,70.52200012207031,16.16399974822998,926.6,0.17020285714285716,1.3849997520446777
10,2010-09-17,2010-09-24,1.3532002210617065,878.8788284894824,12.460000038146973,34.189998626708984,71.56800079345703,16.561999893188478,949.8,0.249525,1.3959999799728393
11,2010-09-25,2010-10-02,1.3989333868026734,590.4883381828888,12.365999984741212,34.189998626708984,72.38600158691406,17.373999786376952,1040.6,0.1961,1.3532002210617065
12,2010-10-03,2010-10-10,1.3790665864944458,244.77885277653485,13.213999938964843,34.189998626708984,71.24600067138672,17.852000045776368,1011.4,0.1275366666666667,1.3989333868026734
13,2010-10-11,2010-10-18,1.3641330242156982,202.6290880309716,13.781999969482422,34.189998626708984,71.02000274658204,18.211999893188477,1012.0,0.255715625,1.3790665864944458
14,2010-10-19,2010-10-26,1.3735999822616578,239.84917809347058,13.773999977111817,34.189998626708984,71.54400024414062,18.136000442504884,936.8,0.16007586206896554,1.3641330242156982
15,2010-10-27,2010-11-03,1.422533392906189,169.40423358689995,14.247999954223634,34.189998626708984,70.54400024414062,17.50999984741211,995.0,0.07837272727272727,1.3735999822616578
16,2010-11-04,2010-11-11,1.710799789428711,206.16453893306107,16.235999488830565,34.189998626708984,73.44199981689454,18.92599983215332,1111.8,0.06463870967741937,1.422533392906189
17,2010-11-12,2010-11-19,1.99586660861969,288.02269766693564,16.522000122070313,34.189998626708984,75.8480010986328,19.004000091552733,991.0,0.13865161290322578,1.710799789428711
18,2010-11-20,2010-11-27,2.312666952610016,233.96097955725153,15.987500190734863,33.65250015258789,78.29750061035156,18.83750009536743,912.5,0.1829685714285714,1.99586660861969
19,2010-11-28,2010-12-05,2.238000011444092,221.34746459628641,16.40799961090088,34.40199966430664,78.71800079345704,19.344000244140624,844.4,0.0197483870967742,2.312666952610016
20,2010-12-06,2010-12-13,2.104133415222168,260.8421745366603,16.677999877929686,34.232000732421874,78.28000030517578,19.502000045776366,1383.6,0.0,2.238000011444092
21,2010-12-14,2010-12-21,2.0266665697097777,456.60411868031315,16.677999877929686,33.773999786376955,77.83800201416015,19.111999893188475,853.8,0.072034375,2.104133415222168
22,2010-12-22,2010-12-29,1.9113332629203796,486.6865383318253,16.84250020980835,34.91249942779541,77.87500190734863,18.927499771118164,755.5,0.11449259259259259,2.0266665697097777
23,2010-12-30,2011-01-06,1.776666808128357,180.2971476476565,17.2,37.342000579833986,79.29399871826172,19.313999938964844,826.4,0.2239225806451613,1.9113332629203796
24,2011-01-07,2011-01-14,1.824399995803833,151.47199862117319,18.45,38.636000061035155,83.68799896240235,20.6,1080.4,0.15705769230769231,1.776666808128357
25,2011-01-15,2011-01-22,1.5888332426548004,156.95182676250113,18.082500457763672,37.46250057220459,83.63750076293945,20.289999961853027,1089.5,0.19743636363636366,1.824399995803833
26,2011-01-23,2011-01-30,1.637999987602234,138.5333076680377,17.850000381469727,37.83999938964844,82.90800018310547,20.34000015258789,1007.2,0.09913235294117648,1.5888332426548004
27,2011-01-31,2011-02-07,1.5871999979019165,109.58281760582327,15.744000053405761,36.25400085449219,83.98000030517578,20.91400032043457,866.0,0.11851935483870968,1.637999987602234
28,2011-02-08,2011-02-15,1.5633333683013917,202.13515489862863,16.149999809265136,36.38400039672852,89.97599945068359,21.29000015258789,1041.6,0.22667352941176472,1.5871999979019165
29,2011-02-16,2011-02-23,1.5563332438468933,334.7554384753201,15.754999876022339,36.34999942779541,92.7549991607666,20.949999809265137,947.5,0.1714,1.5633333683013917
30,2011-02-24,2011-03-03,1.573199987411499,236.44061720310896,14.827999877929688,33.126000213623044,91.90399932861328,20.5,928.2,0,1.5563332438468933
31,2011-03-04,2011-03-11,1.6437334299087525,120.92659596979618,14.250000190734863,32.096000289916994,89.41199798583985,19.908000183105468,1056.0,0.2002878787878788,1.573199987411499
32,2011-03-12,2011-03-19,1.5305333614349366,284.77893546598403,14.380000114440918,31.802000045776367,81.43000030517578,18.067999649047852,876.8,0.175615625,1.6437334299087525
33,2011-03-20,2011-03-27,1.4961334228515626,363.2348330692128,14.658000183105468,31.207999801635744,82.16800079345703,17.584000015258788,911.4,0.23881562500000003,1.5305333614349366
34,2011-03-28,2011-04-04,1.6705333948135377,337.00775070069733,14.92599983215332,31.388000106811525,80.39600067138672,17.44199981689453,1708.6,0.17193529411764705,1.4961334228515626
35,2011-04-05,2011-04-12,1.7625334024429322,467.0269315861091,15.44799976348877,32.06800003051758,77.31399841308594,16.704000091552736,1314.8,0.1729571428571429,1.6705333948135377
36,2011-04-13,2011-04-20,1.6778665781021118,263.5499073375836,14.755999946594239,30.247999954223634,77.3740005493164,17.244000244140626,1033.8,0.11565937500000001,1.7625334024429322
37,2011-04-21,2011-04-28,1.7856665253639221,92.98364274837077,15.552500009536743,31.285000324249268,78.56500244140625,18.58750009536743,1104.5,0.12967428571428574,1.6778665781021118
38,2011-04-29,2011-05-06,1.80066659450531,272.2423670589775,15.305999946594238,32.4640007019043,79.77000122070312,19.229999542236328,935.0,0.06523225806451613,1.7856665253639221
39,2011-05-07,2011-05-14,1.8470669746398927,316.06452791309357,15.1439998626709,31.357999801635742,81.7699981689453,19.55,989.4,0.0975529411764706,1.80066659450531
40,2011-05-15,2011-05-22,1.80106680393219,172.7092569188476,15.068000030517577,31.27400016784668,81.1259994506836,19.65200004577637,838.4,0.2546,1.8470669746398927
41,2011-05-23,2011-05-30,1.8873332023620606,163.2637876919955,14.640000152587891,31.004000091552733,81.13399963378906,19.31599998474121,977.4,0.17092857142857149,1.80106680393219
42,2011-05-31,2011-06-07,1.949999785423279,155.79042248811575,14.25,29.863999938964845,81.2260009765625,19.381999969482422,960.6,0.10489736842105261,1.8873332023620606
43,2011-06-08,2011-06-15,1.8617331981658936,451.49007861781865,13.484000205993652,28.972000503540038,80.9,19.545999908447264,818.2,0.11347499999999999,1.949999785423279
44,2011-06-16,2011-06-23,1.7833333969116212,592.0525085825697,13.043999862670898,29.334000015258788,80.11399993896484,20.231999969482423,989.2,0.24146756756756763,1.8617331981658936
45,2011-06-24,2011-07-01,1.8741334199905395,329.0451021041871,13.447999954223633,30.268000030517577,81.01199951171876,20.925999450683594,847.8,0.12998529411764706,1.7833333969116212
46,2011-07-02,2011-07-09,1.9440002739429474,523.4328851627931,14.015000104904175,31.357500076293945,84.22749900817871,21.36750030517578,872.25,0.18237647058823533,1.8741334199905395
47,2011-07-10,2011-07-17,1.871333408355713,788.1116460241824,13.17800006866455,30.408000183105468,84.02999877929688,21.320000076293944,871.0,0.11117179487179488,1.9440002739429474
48,2011-07-18,2011-07-25,1.890666627883911,537.5485326784924,13.131999969482422,29.545999908447264,84.48200073242188,21.528000259399413,915.6,0.1876611111111111,1.871333408355713
49,2011-07-26,2011-08-02,1.8766668081283568,259.85443352900444,12.43799991607666,28.21599998474121,82.27799835205079,21.559999847412108,820.8,0.09586153846153847,1.890666627883911
50,2011-08-03,2011-08-10,1.6652000188827514,1444.8571142141968,10.83799991607666,25.915999984741212,77.40600128173828,19.321999740600585,1142.8,0.15345,1.8766668081283568
51,2011-08-11,2011-08-18,1.7302667856216432,5322.059120005562,11.136000061035157,25.75,75.1520004272461,18.51600036621094,884.4,0.2225891891891892,1.6652000188827514
52,2011-08-19,2011-08-26,1.5225334167480469,4264.6067236706685,10.207999992370606,22.11999969482422,71.49399871826172,16.873999786376952,813.2,0.24623750000000003,1.7302667856216432
53,2011-08-27,2011-09-03,1.6153331995010376,1376.6707885582448,10.838000106811524,23.300000381469726,71.07799835205078,18.019999694824218,788.2,0.34455588235294116,1.5225334167480469
54,2011-09-04,2011-09-11,1.555999755859375,856.3452154653799,10.292500257492065,22.135000228881836,68.82250022888184,17.21749973297119,686.0,0.21420882352941176,1.6153331995010376
55,2011-09-12,2011-09-19,1.625600004196167,736.9490704313814,10.369999885559082,22.27200050354004,69.76199951171876,17.334000396728516,762.6,0.21367714285714287,1.555999755859375
56,2011-09-20,2011-09-27,1.7252000093460083,540.3911962113455,9.989999961853027,21.206000137329102,68.46399993896485,16.73599967956543,756.8,0.19766176470588237,1.625600004196167
57,2011-09-28,2011-10-05,1.6065332174301148,668.3433218205273,9.810000038146972,20.5,68.35800018310547,17.5560001373291,1651.2,0.07713260869565218,1.7252000093460083
58,2011-10-06,2011-10-13,1.829866600036621,936.6335958095864,11.101999855041504,22.578000259399413,67.28799896240234,18.45800018310547,1260.4,0.06894871794871794,1.6065332174301148
59,2011-10-14,2011-10-21,1.8496000051498414,1122.8446787828877,11.6,23.386000061035155,67.40599975585937,18.54199981689453,1150.6,0.085925,1.829866600036621
60,2011-10-22,2011-10-29,1.912132978439331,1724.0802489709035,12.17800006866455,25.520000076293947,68.03200073242188,18.549999618530272,1013.8,0.14033999999999996,1.8496000051498414
61,2011-10-30,2011-11-06,2.0230666160583497,1466.414730028331,11.3,24.00400047302246,65.47599945068359,18.536000061035157,1291.0,0.12196046511627909,1.912132978439331
62,2011-11-07,2011-11-14,2.1194669723510744,640.3064438251034,11.2,23.31400032043457,64.53400115966797,18.360000228881837,1218.6,0.058770731707317087,2.0230666160583497
63,2011-11-15,2011-11-22,2.2254663944244384,407.1042795148045,10.350000190734864,22.104000091552734,63.3120002746582,17.616000366210937,1061.4,0.17797105263157897,2.1194669723510744
64,2011-11-23,2011-11-30,2.123667001724243,1011.2532367759293,9.892499923706055,20.40749979019165,62.76499938964844,17.162500381469727,912.75,0.10326486486486487,2.2254663944244384
65,2011-12-01,2011-12-08,2.258400011062622,1141.7523115331978,10.945999908447266,21.49000015258789,67.11000061035156,18.118000030517578,889.4,0.3362809523809524,2.123667001724243
66,2011-12-09,2011-12-16,1.973999810218811,1026.2997445968836,10.551999855041505,20.32599983215332,66.18399963378906,17.547999954223634,947.6,0.18019166666666667,2.258400011062622
67,2011-12-17,2011-12-24,1.8518666267395019,868.9418078237695,10.579999923706055,20.052000045776367,64.29999923706055,17.729999542236328,748.4,0.19906744186046518,1.973999810218811
68,2011-12-25,2012-01-01,1.9061667621135712,377.52930514377545,10.692500352859497,20.107500076293945,65.0,17.62750005722046,860.25,0.3487654545454546,1.8518666267395019
69,2012-01-02,2012-01-09,1.8303332328796387,415.3540809308179,11.432500123977661,21.822499752044678,68.33500099182129,17.94249963760376,960.25,0.22096499999999994,1.9061667621135712
70,2012-01-10,2012-01-17,1.7814997434616089,666.8688514522744,12.012500047683716,24.167500019073486,68.41749954223633,17.677500247955322,973.0,0.09243333333333334,1.8303332328796387
71,2012-01-18,2012-01-25,1.7914665937423706,470.9009343483597,12.603999900817872,24.80800018310547,70.36399993896484,18.563999938964844,947.4,0.2758439024390244,1.7814997434616089
72,2012-01-26,2012-02-02,1.9531997919082642,372.56158136707546,12.407999992370605,24.342000198364257,73.98999938964843,18.96199951171875,1404.8,0.19446250000000004,1.7914665937423706
73,2012-02-03,2012-02-10,2.1208002090454103,279.13264753276854,12.831999969482421,26.118000030517578,79.14400024414063,19.654000091552735,1324.6,0.2525869565217392,1.9531997919082642
74,2012-02-11,2012-02-18,2.2321331977844237,266.12548982006314,12.577999877929688,26.036000061035157,81.69600067138671,19.82399978637695,2020.8,0.15317073170731707,2.1208002090454103
75,2012-02-19,2012-02-26,2.2833332419395447,274.58728700809183,12.359999656677246,26.617499828338623,84.03499984741211,20.322499752044678,1752.25,0.04437073170731707,2.2321331977844237
76,2012-02-27,2012-03-05,2.257199764251709,211.11325716768206,12.46200008392334,26.30799980163574,83.11999969482422,20.479999923706053,1632.2,0.19011025641025642,2.2833332419395447
77,2012-03-06,2012-03-13,2.26733341217041,91.44814440382274,12.360000038146973,25.18400001525879,81.99599914550781,20.131999969482422,1579.6,0.18694599999999997,2.257199764251709
78,2012-03-14,2012-03-21,2.3406668186187742,208.65390198504178,12.692000007629394,25.683999633789064,84.83600006103515,21.118000030517578,1530.6,0.28376818181818175,2.26733341217041
79,2012-03-22,2012-03-29,2.4222664833068848,389.592516768828,12.351999664306641,25.25999984741211,84.97599945068359,21.011999893188477,1467.4,0.19070789473684213,2.3406668186187742
80,2012-03-30,2012-04-06,2.4174667835235595,367.43003674370794,12.544000053405762,25.572000122070314,85.43800048828125,21.35399971008301,1220.6,0.4242444444444444,2.4222664833068848
81,2012-04-07,2012-04-14,2.2097332000732424,176.4463143665865,11.981999969482422,24.00799980163574,81.91600036621094,20.44200019836426,2895.8,0.2306,2.4174667835235595
82,2012-04-15,2012-04-22,2.1796000003814697,286.1522231961861,11.729999923706055,23.844000244140624,81.31200103759765,20.39000015258789,1990.8,0.2208605263157895,2.2097332000732424
83,2012-04-23,2012-04-30,2.1799999713897704,301.2805875309706,11.588000106811524,23.279999923706054,81.1280014038086,20.618000411987303,1656.6,0.10644999999999999,2.1796000003814697
84,2012-05-01,2012-05-08,2.1930667877197267,210.535427871719,10.91599998474121,22.67600021362305,79.30800018310546,19.726000213623045,1224.8,0.09383999999999997,2.1799999713897704
85,2012-05-09,2012-05-16,2.0634666204452516,255.97579858184608,10.489999771118164,21.972000122070312,79.79800109863281,19.547999954223634,1497.8,0.18330487804878048,2.1930667877197267
86,2012-05-17,2012-05-24,1.9562666177749635,949.2860965392889,10.163999938964844,21.592000198364257,76.88799896240235,19.120000076293945,2831.6,0.17980425531914893,2.0634666204452516
87,2012-05-25,2012-06-01,2.0235000550746918,1024.4044928040357,10.665000200271606,22.46500062942505,76.77000045776367,19.019999980926514,2390.0,0.26559512195121954,1.9562666177749635
88,2012-06-02,2012-06-09,1.9202667713165282,557.2997235284895,10.401999855041504,21.618000030517578,75.96800231933594,18.847999572753906,1553.4,0.2760363636363637,2.0235000550746918
89,2012-06-10,2012-06-17,1.9713331699371337,261.7455394174978,10.402000045776367,21.9,76.14999847412109,18.927999877929686,1412.0,0.038992500000000006,1.9202667713165282
90,2012-06-18,2012-06-25,2.1825334072113036,377.42439787283536,10.402000045776367,21.177999877929686,76.83600006103515,18.911999893188476,1525.2,0.13615384615384615,1.9713331699371337
91,2012-06-26,2012-07-03,2.0889334201812746,462.88590051142876,9.820000267028808,19.723999786376954,78.25600128173828,18.521999740600585,1616.2,0.07731282051282053,2.1825334072113036
92,2012-07-04,2012-07-11,2.0830000042915344,376.13193249062635,9.46749997138977,20.21749973297119,79.42249870300293,18.40250015258789,1490.0,0.3923864864864864,2.0889334201812746
93,2012-07-12,2012-07-19,2.245466375350952,277.48168130714447,9.276000213623046,19.6,76.21000213623047,17.966000366210938,1728.8,0.15648536585365852,2.0830000042915344
94,2012-07-20,2012-07-27,1.9915997743606568,288.1906160579994,9.07400016784668,19.118000030517578,73.79200134277343,18.10199966430664,1407.8,0.019323076923076925,2.245466375350952
95,2012-07-28,2012-08-04,1.7918665885925293,231.06434524346142,9.07800006866455,19.58199996948242,77.35599975585937,18.85399971008301,1271.0,0.31393043478260874,1.9915997743606568
96,2012-08-05,2012-08-12,1.9594667911529542,357.9525280597285,9.300000190734863,20.368000030517578,81.28600006103515,19.761999893188477,1544.2,0.21200000000000002,1.7918665885925293
97,2012-08-13,2012-08-20,2.0040000438690186,464.8457548253238,9.509999847412109,20.831999588012696,81.28399810791015,19.734000396728515,1883.0,0.28387708333333334,1.9594667911529542
98,2012-08-21,2012-08-28,1.9681336164474488,331.77219910196214,9.469999885559082,21.41999969482422,82.0979995727539,19.608000564575196,1807.0,0.27198249999999996,2.0040000438690186
99,2012-08-29,2012-09-05,1.891333281993866,99.02508058050647,9.34500002861023,21.267499923706055,79.8950023651123,18.839999675750732,1366.75,0.2749921052631579,1.9681336164474488
100,2012-09-06,2012-09-13,1.8846665620803833,78.80589655915648,10.105999946594238,22.979999923706053,81.41000061035156,18.94600028991699,1498.6,0.07596249999999999,1.891333281993866
101,2012-09-14,2012-09-21,2.082933187484741,388.734485093303,10.473999977111816,24.30799980163574,82.0260009765625,18.421999740600587,1698.8,0.2844820512820513,1.8846665620803833
102,2012-09-22,2012-09-29,1.9150665760040284,517.6898926062956,10.060000038146972,23.440000152587892,79.68200073242187,17.06599998474121,2803.2,0.21269999999999997,2.082933187484741
103,2012-09-30,2012-10-07,1.9540000200271606,233.50489210122083,9.985999870300294,24.121999740600586,77.53799896240234,16.9060001373291,2004.2,0.14156888888888888,1.9150665760040284
104,2012-10-08,2012-10-15,1.8930665969848632,108.1964528101608,10.07800006866455,24.454000091552736,75.48399810791015,16.829999923706055,2567.4,0.2447909090909091,1.9540000200271606
105,2012-10-16,2012-10-23,1.8734666109085083,113.7641282857433,10.298000144958497,24.92400016784668,78.1240005493164,17.420000076293945,1767.6,0.22241707317073178,1.8930665969848632
106,2012-10-24,2012-10-31,1.8293333053588867,207.87061021540316,10.306666692097982,23.53333346048991,77.72666676839192,17.290000279744465,1613.0,0.10377555555555557,1.8734666109085083
107,2012-11-01,2012-11-08,2.031466817855835,311.39793986679615,11.230000114440918,25.652000427246094,79.6240005493164,16.972000122070312,2040.8,0.19801666666666673,1.8293333053588867
108,2012-11-09,2012-11-16,2.0693331718444825,581.0503700066581,10.82800006866455,24.63400001525879,78.1780014038086,17.27200050354004,4101.6,0.3212480000000001,2.031466817855835
109,2012-11-17,2012-11-24,2.1753334999084473,636.5955695927237,10.925000190734863,24.835000038146973,84.05500030517578,18.800000190734863,2325.0,0.19432549019607845,2.0693331718444825
110,2012-11-25,2012-12-02,2.202133226394653,495.3703831781075,11.28799991607666,25.497999954223634,85.93400115966797,19.27599983215332,2982.2,0.31997000000000003,2.1753334999084473
111,2012-12-03,2012-12-10,2.2706666469573973,423.9231653788835,11.35,25.136000061035155,85.64199981689453,18.979999923706053,2036.6,0.292158695652174,2.202133226394653
112,2012-12-11,2012-12-18,2.2981334209442137,401.7253139551207,11.344000244140625,25.132000350952147,86.24399871826172,18.76799964904785,1850.6,0.25577636363636364,2.2706666469573973
113,2012-12-19,2012-12-26,2.2886664271354675,160.0696943892166,11.93999981880188,27.375,91.33249855041504,18.865000247955322,1668.5,0.33940612244897966,2.2981334209442137
114,2012-12-27,2013-01-03,2.268999993801117,125.62561649602839,12.944999933242798,28.44249963760376,93.46249961853027,19.005000114440918,1986.5,0.3185219512195122,2.2886664271354675
115,2013-01-04,2013-01-11,2.2611998081207276,302.00169623751947,13.530000114440918,29.860000228881837,95.86399993896484,19.476000213623045,2216.0,0.23458536585365855,2.268999993801117
116,2013-01-12,2013-01-19,2.268799829483032,461.5466803808213,14.168000030517579,29.802000045776367,96.10800018310547,19.852000427246093,2310.6,0.29148536585365853,2.2611998081207276
117,2013-01-20,2013-01-27,2.419333279132843,620.0277914540656,13.900000095367432,28.762499809265137,95.27999877929688,19.270000457763672,2101.5,0.30410238095238096,2.268799829483032
118,2013-01-28,2013-02-04,2.5241332054138184,416.018059872739,13.164000129699707,28.296000289916993,95.89599914550782,20.262000274658202,2174.0,0.13904722222222224,2.419333279132843
119,2013-02-05,2013-02-12,2.5925331592559813,244.23368236986545,13.131999969482422,28.536000061035157,102.96800079345704,20.668000411987304,2241.4,0.2064714285714287,2.5241332054138184
120,2013-02-13,2013-02-20,2.5506664514541626,150.84562078069894,13.039999961853027,27.96500015258789,102.99249839782715,20.262500286102295,4174.5,0.23806315789473684,2.5925331592559813
121,2013-02-21,2013-02-28,2.33573317527771,96.71509056161344,12.420000076293945,26.836000061035158,101.38599853515625,19.915999603271484,2969.8,0.32439423076923074,2.5506664514541626
122,2013-03-01,2013-03-08,2.437333345413208,115.10874409817902,12.789999961853027,27.533999633789062,103.22800140380859,20.34799995422363,2515.6,0.20837288135593224,2.33573317527771
123,2013-03-09,2013-03-16,2.5245336055755616,329.4053509099334,13.402000045776367,28.223999786376954,103.4740005493164,20.671999740600587,2718.8,0.1908463414634146,2.437333345413208
124,2013-03-17,2013-03-24,2.3841333866119383,492.074103933163,13.260000038146973,28.438000106811522,103.56399993896484,20.17400016784668,2515.0,0.2561266666666667,2.5245336055755616
125,2013-03-25,2013-04-01,2.5239999890327454,299.5906770090945,13.242500066757202,28.047499656677246,103.1624984741211,19.460000038146973,2541.0,0.23835362318840575,2.3841333866119383
126,2013-04-02,2013-04-09,2.808666801452637,64.6816711077094,12.711999893188477,27.71599998474121,104.33399810791016,19.51599998474121,4163.0,0.16067777777777778,2.5239999890327454
127,2013-04-10,2013-04-17,2.9078668117523194,120.21492140523347,13.25399990081787,29.21800003051758,111.75199890136719,20.550000381469726,2589.6,0.21097924528301884,2.808666801452637
128,2013-04-18,2013-04-25,3.2857334136962892,176.61118711427602,13.086000061035156,29.536000061035157,112.33400268554688,21.15200004577637,2855.8,0.1967921875,2.9078668117523194
129,2013-04-26,2013-05-03,3.56693320274353,236.2206795934215,13.565999984741211,30.694000244140625,115.28400115966797,20.83200035095215,2625.2,0.2695835616438356,3.2857334136962892
130,2013-05-04,2013-05-11,4.226133346557617,496.33854071076956,14.15999984741211,31.72400016784668,118.0459991455078,20.813999938964844,5590.8,0.28876818181818187,3.56693320274353
131,2013-05-12,2013-05-19,5.861733245849609,875.0956083028766,14.534000205993653,32.13399963378906,125.60400085449218,22.389999771118163,7553.8,0.1523194444444445,4.226133346557617
132,2013-05-20,2013-05-27,6.061066627502441,855.9273767308965,14.914000129699707,33.20999984741211,126.27999877929688,23.349999618530273,5379.2,0.1645175925925926,5.861733245849609
133,2013-05-28,2013-06-04,6.8034666061401365,483.3736860090345,15.676000022888184,34.19199905395508,119.39400024414063,21.939999771118163,6300.8,0.14821481481481477,6.061066627502441
134,2013-06-05,2013-06-12,6.523733329772949,227.94215136998145,15.527999877929688,34.43199996948242,117.49600067138672,21.2,3825.4,0.05676458333333332,6.8034666061401365
135,2013-06-13,2013-06-20,6.7833333015441895,274.3138571873605,15.493999862670899,34.0379997253418,120.42599945068359,21.043999862670898,3233.8,0.09307209302325582,6.523733329772949
136,2013-06-21,2013-06-28,6.91213321685791,435.0473328251019,15.115999984741212,32.21999931335449,118.63399963378906,20.460000228881835,4286.6,0.22363055555555564,6.7833333015441895
137,2013-06-29,2013-07-06,7.838833332061768,430.2511098581459,16.262500286102295,34.22749900817871,124.31999778747559,20.832499980926514,3462.25,0.34467735849056597,6.91213321685791
138,2013-07-07,2013-07-14,8.304533004760742,488.8847235609889,16.891999816894533,35.486000061035156,127.36999816894532,21.713999938964843,3858.2,0.3183557692307693,7.838833332061768
139,2013-07-15,2013-07-22,7.936933422088623,1071.0583915657548,16.83800048828125,36.49800033569336,130.11000061035156,22.37799987792969,5849.4,0.13003015873015877,8.304533004760742
140,2013-07-23,2013-07-30,8.433599853515625,1138.235406753242,17.07400016784668,36.77600021362305,126.03999786376953,21.98399963378906,3072.0,0.2360925925925926,7.936933422088623
141,2013-07-31,2013-08-07,9.262133407592774,399.7382595610767,17.158000183105468,36.4,128.33599853515625,21.45800018310547,3443.2,0.18175882352941178,8.433599853515625
142,2013-08-08,2013-08-15,9.848666381835937,73.34079281506686,17.003999710083008,35.88399963378906,128.6780014038086,21.49199981689453,9568.0,0.19833404255319145,9.262133407592774
143,2013-08-16,2013-08-23,9.885866737365722,241.95686079596726,16.277999877929688,34.63600082397461,126.2959991455078,20.723999786376954,7256.4,0.26941914893617014,9.848666381835937
144,2013-08-24,2013-08-31,11.103200340270996,544.2977321656346,16.200000190734862,34.21199951171875,123.56400146484376,20.24599952697754,6704.2,0.20953636363636366,9.885866737365722
145,2013-09-01,2013-09-08,11.274333477020264,521.8477132468763,16.887499809265137,35.61750030517578,125.33250045776367,20.49250030517578,4423.75,0.12977454545454548,11.103200340270996
146,2013-09-09,2013-09-16,10.947466468811035,305.02550297045707,17.427999877929686,36.45199966430664,126.89000091552734,20.41800003051758,4014.8,0.18221509433962263,11.274333477020264
147,2013-09-17,2013-09-24,11.664933204650879,649.9136919611244,17.463999938964843,37.09600067138672,129.42799682617186,20.40200004577637,3917.6,0.22456428571428577,10.947466468811035
148,2013-09-25,2013-10-02,12.681999969482423,720.6822265324295,17.11400032043457,36.476000213623045,129.48799896240234,20.371999740600586,3819.4,0.1531767857142858,11.664933204650879
149,2013-10-03,2013-10-10,11.74493350982666,224.23520939433575,16.794000244140626,34.90800018310547,126.5739974975586,19.98400001525879,5013.6,-0.02582765957446809,12.681999969482423
150,2013-10-11,2013-10-18,12.116266632080078,301.4613807369471,17.202000045776366,35.23400039672852,130.47000122070312,20.594000244140624,3505.4,0.15144285714285716,11.74493350982666
151,2013-10-19,2013-10-26,11.352666854858398,686.4933608634547,17.596000289916994,35.43600006103516,129.57000427246095,20.5379997253418,3810.2,0.28996304347826085,12.116266632080078
152,2013-10-27,2013-11-03,10.782133483886719,1207.5879858854191,17.304000091552734,36.68600006103516,129.33999633789062,20.039999771118165,4063.6,0.31297479674796747,11.352666854858398
153,2013-11-04,2013-11-11,10.411866569519043,900.1172776791378,16.879999923706055,36.74599990844727,128.14199981689453,17.892000198364258,4716.8,0.31987872340425527,10.782133483886719
154,2013-11-12,2013-11-19,8.948400115966797,195.20702535426616,16.99199981689453,38.1879997253418,127.61400299072265,18.392000198364258,4133.4,-0.138225,10.411866569519043
155,2013-11-20,2013-11-27,8.07906665802002,210.4862081578076,16.966000366210938,37.731999206542966,125.7,18.345999908447265,4508.2,0.19626046511627906,8.948400115966797
156,2013-11-28,2013-12-05,8.918333292007446,288.6488814999536,16.829999923706055,38.672499656677246,123.96750068664551,18.03749990463257,4380.5,0.2975144444444444,8.07906665802002
157,2013-12-06,2013-12-13,9.443599891662597,136.73146467304232,16.518000030517577,40.33600006103516,121.50999755859375,17.56999969482422,3932.0,0.37480737704918,8.918333292007446
158,2013-12-14,2013-12-21,9.764533042907715,118.6915561720729,15.986000251770019,41.10599975585937,119.15599975585937,17.030000305175783,3313.2,0.4014640776699027,9.443599891662597
159,2013-12-22,2013-12-29,10.026333332061768,231.69087980827317,15.242499828338623,41.15750026702881,120.36249923706055,16.820000171661377,2845.5,0.31360869565217386,9.764533042907715
160,2013-12-30,2014-01-06,10.04216718673706,500.3649324995838,15.414999961853027,40.519999504089355,121.10499954223633,16.732500076293945,2884.25,0.43397446808510637,10.026333332061768
161,2014-01-07,2014-01-14,9.77639980316162,569.1770642955452,15.788000106811523,40.14400024414063,120.16999969482421,17.786000061035157,3371.4,0.3667605504587156,10.04216718673706
162,2014-01-15,2014-01-22,11.363166809082031,198.88256844928486,16.59000015258789,38.829999923706055,119.73750114440918,18.367499828338623,3974.25,0.39127734375,9.77639980316162
163,2014-01-23,2014-01-30,11.72440013885498,188.32574816723167,15.79000015258789,37.033999633789065,117.85999908447266,17.87200012207031,3604.8,0.37111538461538457,11.363166809082031
164,2014-01-31,2014-02-07,11.867333221435548,875.1416816832125,14.792000007629394,35.524000549316405,114.32400054931641,16.990000534057618,3584.2,0.3560395061728393,11.72440013885498
165,2014-02-08,2014-02-15,13.151466560363769,1100.32601981882,15.023999977111817,35.37200088500977,116.76600036621093,17.605999755859376,3523.2,0.29503614457831323,11.867333221435548
166,2014-02-16,2014-02-23,13.615166664123535,938.6589702072275,15.267500162124634,36.38499927520752,115.79249954223633,18.082499980926514,6322.5,0.2806973333333333,13.151466560363769
167,2014-02-24,2014-03-03,16.213333511352538,1074.2339787615983,15.27400016784668,36.49000015258789,115.90800018310547,17.886000061035155,7269.4,0.27671061946902653,13.615166664123535
168,2014-03-04,2014-03-11,16.60653305053711,881.1680886094273,15.560000038146972,37.354000091552734,114.08399963378906,17.563999938964844,4709.6,0.3773254716981131,16.213333511352538
169,2014-03-12,2014-03-19,15.790266609191894,284.23682340840253,15.285999870300293,34.56800003051758,110.15400085449218,16.94200019836426,6617.8,0.2067411111111111,16.60653305053711
170,2014-03-20,2014-03-27,14.898266792297363,161.20241359937938,15.398000144958496,34.827999114990234,108.38200073242187,17.2120002746582,4953.0,0.43612499999999993,15.790266609191894
171,2014-03-28,2014-04-04,14.57973346710205,131.78002344355733,16.043999671936035,34.76199951171875,113.05000152587891,17.96599998474121,8879.6,0.2831118518518519,14.898266792297363
172,2014-04-05,2014-04-12,13.971733474731446,194.1922783222571,15.82800006866455,33.497999572753905,107.3,18.026000213623046,5295.6,0.3195072992700731,14.57973346710205
173,2014-04-13,2014-04-20,13.153833389282227,349.23847881171844,15.902499914169312,33.46500015258789,107.66749954223633,17.84250020980835,4371.5,0.30832818181818183,13.971733474731446
174,2014-04-21,2014-04-28,13.849599838256836,379.9511389736086,16.08199977874756,34.097999572753906,107.74799957275391,17.476000213623045,5205.2,0.2562871794871795,13.153833389282227
175,2014-04-29,2014-05-06,14.000800323486327,390.8537611651048,15.963999938964843,34.61800079345703,109.00400085449219,17.327999877929688,4544.8,0.28786916666666673,13.849599838256836
176,2014-05-07,2014-05-14,12.493733215332032,330.55307533520454,15.748000144958496,34.82399978637695,109.32799987792968,17.28400001525879,4884.2,0.2258182795698924,14.000800323486327
177,2014-05-15,2014-05-22,12.94653377532959,77.41751205728204,15.810000038146972,33.827999877929685,108.68999938964843,17.67400016784668,4509.4,0.2687700854700854,12.493733215332032
178,2014-05-23,2014-05-30,13.988999843597412,104.94196592485531,16.257500171661377,34.15250015258789,110.28750038146973,17.982500076293945,3908.0,0.27220970873786404,12.94653377532959
179,2014-05-31,2014-06-07,13.715999984741211,338.2027910023704,16.70800018310547,35.89199981689453,114.61799926757813,18.43800048828125,3971.4,0.2582452830188679,13.988999843597412
180,2014-06-08,2014-06-15,13.626933288574218,615.741636682108,16.797999954223634,36.034000396728516,114.3,18.64600028991699,5023.4,0.24312307692307691,13.715999984741211
181,2014-06-16,2014-06-23,15.21039981842041,453.77833908228575,16.74000015258789,36.262000274658206,116.24200134277343,19.120000076293945,12095.4,0.2999704347826087,13.626933288574218
182,2014-06-24,2014-07-01,15.788133430480958,199.824829263039,17.178000259399415,36.69800033569336,118.03400115966797,19.029999923706054,3631.8,0.29042834645669285,15.21039981842041
183,2014-07-02,2014-07-09,15.00683307647705,162.6251092171762,17.242499828338623,37.625000953674316,121.26750183105469,19.36750030517578,3820.0,0.15344307692307693,15.788133430480958
184,2014-07-10,2014-07-17,14.680399894714355,158.43644299834222,17.531999588012695,37.69200057983399,118.68600006103516,19.333999633789062,5347.2,0.30774953271028044,15.00683307647705
185,2014-07-18,2014-07-25,14.748933792114258,86.07146190927179,17.772000122070313,37.15,119.11000061035156,19.481999969482423,4045.8,0.30286475409836056,14.680399894714355
186,2014-07-26,2014-08-02,15.137600135803222,84.61807854291051,17.299999618530272,34.184000396728514,119.35599975585937,19.87599983215332,4393.2,0.25821679999999997,14.748933792114258
187,2014-08-03,2014-08-10,16.352799797058104,416.676885031648,16.956000137329102,33.402000427246094,117.61399993896484,19.187999725341797,3850.4,0.21182018348623857,15.137600135803222
188,2014-08-11,2014-08-18,17.373066711425782,663.5013947668747,17.30799980163574,33.84800033569336,117.31199951171875,19.391999816894533,3667.2,0.22753943661971832,16.352799797058104
189,2014-08-19,2014-08-26,17.14853286743164,615.0724673489406,17.313999938964844,34.52199935913086,115.47799835205078,19.53199996948242,3770.6,0.20142421052631576,17.373066711425782
190,2014-08-27,2014-09-03,18.01550006866455,902.2537583044358,17.447500228881836,34.74749946594238,114.96500015258789,19.312499523162842,3385.25,0.2599695652173913,17.14853286743164
191,2014-09-04,2014-09-11,18.734932708740235,678.3274066734164,16.89399948120117,33.762001037597656,115.99799957275391,19.51799964904785,5279.4,0.12584313725490195,18.01550006866455
192,2014-09-12,2014-09-19,17.58666648864746,104.19206285681575,16.538000106811523,33.69799957275391,117.72799987792969,19.626000213623048,9572.4,0.2163195652173913,18.734932708740235
193,2014-09-20,2014-09-27,16.615066909790038,65.87290663052349,16.294000244140626,33.26999969482422,118.5260009765625,19.7,4113.0,0.24154666666666663,17.58666648864746
194,2014-09-28,2014-10-05,16.46413383483887,193.24924224362522,14.728000068664551,32.718000411987305,116.46800079345704,19.100000381469727,4521.6,0.2360521739130435,16.615066909790038
195,2014-10-06,2014-10-13,16.978533363342287,414.42730827719714,14.092000198364257,31.804000473022462,115.45399932861328,18.484000396728515,6024.2,0.06615454545454544,16.46413383483887
196,2014-10-14,2014-10-21,15.214133071899415,1722.433726201452,13.913999938964844,30.06400032043457,110.99199981689453,17.821999740600585,5378.2,0.10932307692307691,16.978533363342287
197,2014-10-22,2014-10-29,15.547600173950196,1521.1132111806123,14.057999801635741,30.706000137329102,113.92599945068359,17.660000228881835,5561.8,0.09744038461538461,15.214133071899415
198,2014-10-30,2014-11-06,15.904666709899903,2048.7594942161068,13.983999824523925,30.981999969482423,119.99600067138672,18.36400032043457,4085.0,0.13889782608695653,15.547600173950196
199,2014-11-07,2014-11-14,16.453466796875,3212.138356640563,14.410000038146972,31.42600021362305,118.87799987792968,18.360000610351562,4505.6,0.21577317073170732,15.904666709899903
200,2014-11-15,2014-11-22,16.678800201416017,1198.280704790309,15.473999977111816,32.198001098632815,120.00399932861328,18.363999557495116,4789.6,0.12107499999999999,16.453466796875
201,2014-11-23,2014-11-30,16.462833404541016,520.8841606370268,15.672499895095825,32.47999954223633,122.02499771118164,18.635000228881836,2179.75,0.0621357142857143,16.678800201416017
202,2014-12-01,2014-12-08,15.258133506774902,262.3783490124941,15.838000106811524,33.37199935913086,127.37000122070313,18.716000366210938,1540.8,0.18743235294117647,16.462833404541016
203,2014-12-09,2014-12-16,13.95533332824707,214.24196004013714,15.027999877929688,31.907999801635743,125.20599975585938,18.091999816894532,2791.2,0.15995365853658539,15.258133506774902
204,2014-12-17,2014-12-24,14.492533111572266,898.4371539035141,14.968000030517578,32.500000381469725,125.6740005493164,17.545999908447264,1538.4,0.05371282051282052,13.95533332824707
205,2014-12-25,2015-01-01,14.969499826431274,1099.8396053477004,15.492500066757202,34.582499504089355,126.71500396728516,17.6274995803833,636.25,0.12204047619047617,14.492533111572266
206,2015-01-02,2015-01-09,14.163333129882812,1192.3679563123956,15.039999961853027,35.2120002746582,124.77799987792969,17.086000061035158,6219.8,0.15802857142857143,14.969499826431274
207,2015-01-10,2015-01-17,13.121199989318848,1132.787655297674,15.08400001525879,34.5,126.78600158691407,16.905999755859376,4623.0,0.13967538461538465,14.163333129882812
208,2015-01-18,2015-01-25,13.190166473388672,918.4632587057166,14.980000019073486,33.84749984741211,129.33500289916992,17.487499713897705,5074.75,0.2240363636363637,13.121199989318848
209,2015-01-26,2015-02-02,13.609333419799805,636.7556044000536,14.79000015258789,33.1479995727539,130.98200073242188,17.513999938964844,6026.2,0.08322222222222221,13.190166473388672
210,2015-02-03,2015-02-10,14.569866752624511,433.73807703138135,15.829999923706055,35.6120002746582,130.85000305175782,17.834000396728516,4210.2,0.010894444444444438,13.609333419799805
211,2015-02-11,2015-02-18,13.730000257492065,604.4115241897572,16.255000114440918,37.63749980926514,131.8525047302246,19.19499969482422,5750.5,0.0732327868852459,14.569866752624511
212,2015-02-19,2015-02-26,13.920400047302246,1089.1420833291038,16.415999984741212,37.69199981689453,136.87399597167968,20.502000045776366,5175.0,0.2126421052631579,13.730000257492065
213,2015-02-27,2015-03-06,13.377333068847657,874.4320762137249,16.244000244140626,37.58000030517578,135.41199645996093,20.75799980163574,4284.0,0.17018222222222223,13.920400047302246
214,2015-03-07,2015-03-14,12.729199981689453,413.08889451421055,15.974000358581543,37.89399948120117,135.3559997558594,20.75,4255.4,0.22941470588235297,13.377333068847657
215,2015-03-15,2015-03-22,13.13159999847412,562.7586873833462,16.431999588012694,38.57800064086914,139.5500030517578,21.129999923706055,4800.6,0.19113593750000002,12.729199981689453
216,2015-03-23,2015-03-30,12.9474666595459,529.1213556559011,16.25999984741211,37.69599990844726,143.83200073242188,20.927999877929686,4170.4,0.1670590909090909,13.13159999847412
217,2015-03-31,2015-04-07,12.840999841690063,390.5812540856376,16.019999980926514,36.85000038146973,139.75749969482422,20.307499885559082,4707.25,0.13754375,12.9474666595459
218,2015-04-08,2015-04-15,13.945333480834961,283.65754372870174,15.960000038146973,36.37000045776367,139.1440002441406,20.91400032043457,4765.0,0.20385483870967736,12.840999841690063
219,2015-04-16,2015-04-23,13.968133163452148,272.22578212210533,15.867999839782716,37.03000030517578,139.82599792480468,21.27599983215332,4981.8,0.17375999999999997,13.945333480834961
220,2015-04-24,2015-05-01,15.18613338470459,271.7724416420162,15.910000038146972,35.53199996948242,140.7480010986328,21.29000015258789,4646.4,0.19877857142857147,13.968133163452148
221,2015-05-02,2015-05-09,15.564000129699707,131.85402797117828,15.593999862670898,35.07600021362305,138.96199951171874,20.61999969482422,7129.2,0.07603478260869569,15.18613338470459
222,2015-05-10,2015-05-17,16.271332931518554,136.61902337044478,15.473999977111816,34.864000701904295,137.80999755859375,21.206000137329102,5810.6,0.1807149253731343,15.564000129699707
223,2015-05-18,2015-05-25,16.447866439819336,183.91835187530518,15.432000160217285,35.294000244140626,139.1259979248047,21.038000106811523,4928.8,0.2459578125,16.271332931518554
224,2015-05-26,2015-06-02,16.62119941711426,235.25285379862785,15.265999794006348,35.97400054931641,138.26800231933595,20.84600067138672,4683.0,0.17731860465116278,16.447866439819336
225,2015-06-03,2015-06-10,16.751200103759764,176.41531219679115,14.961999893188477,35.369999694824216,135.05,21.0,4307.8,0.0910875,16.62119941711426
226,2015-06-11,2015-06-18,16.880133438110352,241.21660860067604,15.115999984741212,35.62799987792969,135.4219970703125,20.321999740600585,5004.0,0.10804468085106383,16.751200103759764
227,2015-06-19,2015-06-26,17.652399826049805,188.51850908228758,15.293999862670898,35.69199981689453,135.3739990234375,20.337999725341795,3637.2,0.3566,16.880133438110352
228,2015-06-27,2015-07-04,17.990833282470703,263.72630509473385,14.972500085830688,33.20750045776367,133.13750076293945,20.84999990463257,3899.75,0.18492916666666664,17.652399826049805
229,2015-07-05,2015-07-12,17.59506721496582,418.5840750002711,14.563999938964844,31.82200050354004,130.75400085449218,20.066000366210936,3201.0,0.3603365384615384,17.990833282470703
230,2015-07-13,2015-07-20,17.763866806030272,558.8509145391508,14.692000007629394,31.228000259399415,134.402001953125,19.705999755859374,3608.2,0.14380333333333334,17.59506721496582
231,2015-07-21,2015-07-28,17.603466415405272,654.6100797561332,14.49600009918213,30.859999465942384,133.22799987792968,19.70800018310547,3968.4,0.16726363636363634,17.763866806030272
232,2015-07-29,2015-08-05,17.640399932861328,567.3309086604044,14.997999954223634,31.71400032043457,132.26600341796876,19.25400047302246,3482.0,0.29045,17.603466415405272
233,2015-08-06,2015-08-13,16.070933532714843,285.4307332166136,14.8,31.448000335693358,129.25599670410156,19.052000045776367,4572.2,0.05443958333333332,17.640399932861328
234,2015-08-14,2015-08-21,16.75053253173828,183.69325764614345,14.698000144958495,31.455999755859374,126.49400177001954,18.592000198364257,3928.2,0.16195074626865674,16.070933532714843
235,2015-08-22,2015-08-29,15.402799797058105,3752.2222412697156,13.319999885559081,28.15200004577637,117.01399841308594,17.7879997253418,4229.2,0.2394333333333334,16.75053253173828
236,2015-08-30,2015-09-06,16.305066680908205,5641.433965334341,13.772000122070313,29.055999755859375,117.28999938964844,17.628000259399414,4743.2,0.12561136363636366,15.402799797058105
237,2015-09-07,2015-09-14,16.59666633605957,5451.997463912452,13.65999984741211,29.91249990463257,119.22500038146973,18.44499969482422,4585.25,0.14045510204081632,16.305066680908205
238,2015-09-15,2015-09-22,17.369466400146486,2233.6255567148255,14.430000114440919,30.92600021362305,120.28999938964844,19.03400001525879,4723.4,0.05612549019607843,16.59666633605957
239,2015-09-23,2015-09-30,17.01559944152832,605.0172368591577,13.42599983215332,29.255999755859374,116.60800170898438,18.11599998474121,5923.0,0.18425925925925918,17.369466400146486
240,2015-10-01,2015-10-08,16.09360008239746,875.4932086667119,14.181999969482423,31.886000061035155,121.00399932861328,19.439999771118163,6502.2,0.13095200000000004,17.01559944152832
241,2015-10-09,2015-10-16,14.582800102233886,1492.66053571935,15.023999977111817,33.150000762939456,121.85400085449218,20.029999923706054,5937.2,0.10678433734939759,16.09360008239746
242,2015-10-17,2015-10-24,14.293733215332031,2299.33892130959,15.479999923706055,34.70199966430664,124.08600006103515,20.34800033569336,5162.2,0.21646875,14.582800102233886
243,2015-10-25,2015-11-01,14.09506664276123,1965.8501477624327,15.016000175476075,35.104000091552734,124.4760009765625,20.855999755859376,4936.8,0.16804153846153844,14.293733215332031
244,2015-11-02,2015-11-09,14.905333709716796,1271.515420513995,14.660000038146972,35.59199905395508,123.60599975585937,21.206000137329102,4791.4,0.14152333333333333,14.09506664276123
245,2015-11-10,2015-11-17,14.266933250427247,918.4401344772875,14.118000030517578,35.1479995727539,122.37200012207032,20.720000076293946,4124.2,0.10616999999999999,14.905333709716796
246,2015-11-18,2015-11-25,14.6517333984375,503.748631575942,14.546000099182129,36.24800033569336,123.92200012207032,21.16400032043457,4969.0,0.19858615384615386,14.266933250427247
247,2015-11-26,2015-12-03,15.517500162124634,456.73418730359515,14.420000076293945,36.13999938964844,125.11249923706055,21.242499828338623,4389.0,0.24672999999999998,14.6517333984375
248,2015-12-04,2015-12-11,15.197600173950196,396.7692727451548,14.02800006866455,35.78800048828125,124.47200012207031,20.506000137329103,4402.0,0.16075,15.517500162124634
249,2015-12-12,2015-12-19,15.173733139038086,580.9858986019045,13.92599983215332,34.369999694824216,124.10400085449218,20.7,3923.6,0.16645409836065572,15.197600173950196
250,2015-12-20,2015-12-27,15.379666328430176,792.8251633096206,14.149999856948853,34.375,125.78750038146973,20.869999885559082,4729.0,0.22019199999999997,15.173733139038086
251,2015-12-28,2016-01-04,15.73733377456665,634.2646102553233,14.167500019073486,34.33749961853027,123.87250137329102,21.11750030517578,3283.75,0.07675652173913043,15.379666328430176
252,2016-01-05,2016-01-12,14.359600067138672,841.3013681864068,12.968000030517578,30.694000244140625,116.59199829101563,19.533999633789062,3035.3530259365994,0.09578113207547169,15.73733377456665
253,2016-01-13,2016-01-20,13.603333234786987,3226.85785258376,12.077499866485596,29.9399995803833,114.7249984741211,18.81749963760376,3035.3530259365994,0.17101509433962264,14.359600067138672
254,2016-01-21,2016-01-28,13.07373332977295,5353.931944326318,12.048000144958497,29.383999633789063,114.0259994506836,18.46800003051758,3035.3530259365994,0.18354736842105265,13.603333234786987
255,2016-01-29,2016-02-05,12.263066673278809,2140.028095606737,11.701999855041503,29.391999816894533,117.74199981689453,19.25,3035.3530259365994,0.05421111111111113,13.07373332977295
256,2016-02-06,2016-02-13,9.885599899291993,698.8159234774486,11.400000190734863,27.773999786376955,106.61599884033203,17.370000076293945,3035.3530259365994,0.12858181818181819,12.263066673278809
257,2016-02-14,2016-02-21,10.953333377838135,874.7496388321372,12.125000238418579,28.915000438690186,107.27499771118164,17.170000076293945,3035.353025936599,0.09695689655172417,9.885599899291993
258,2016-02-22,2016-02-29,12.156266403198241,1068.6895580076055,12.384000205993653,29.39599952697754,105.52200012207031,17.46400032043457,3035.3530259366,0.1519788461538462,10.953333377838135
259,2016-03-01,2016-03-08,13.023466491699219,1838.7264535593538,13.41200008392334,30.838000106811524,107.88600158691406,18.91800003051758,3035.3530259365994,0.14648947368421056,12.156266403198241
260,2016-03-09,2016-03-16,14.065200042724609,1999.5346703935563,13.22599983215332,30.970000076293946,107.75200042724609,19.26799964904785,3035.3530259366,0.27208947368421055,13.023466491699219
261,2016-03-17,2016-03-24,15.390133285522461,1365.8850237390695,13.52400016784668,31.841999816894532,107.6739990234375,19.145999908447266,3035.353025936599,0.14641525423728816,14.065200042724609
262,2016-03-25,2016-04-01,15.284166812896729,823.6703798203077,13.285000085830688,31.15750026702881,107.73999977111816,18.78499984741211,3035.3530259365994,0.06027731958762888,15.390133285522461
263,2016-04-02,2016-04-09,17.002000427246095,598.0354689489752,12.692000198364259,29.64600028991699,99.71199951171874,17.261999893188477,3035.3530259365994,0.16170000000000007,15.284166812896729
264,2016-04-10,2016-04-17,16.781866455078124,212.77351225148885,12.91200008392334,30.25999984741211,102.58200073242188,18.3560001373291,3035.3530259365994,0.03301730769230769,17.002000427246095
265,2016-04-18,2016-04-25,16.710133743286132,349.3266046106145,13.517999839782714,32.06199951171875,105.15999908447266,18.88599967956543,3035.3530259365994,0.1146417910447761,16.781866455078124
266,2016-04-26,2016-05-03,16.47306709289551,375.19306522452086,13.736000061035156,32.067999267578124,104.16399993896485,18.29800033569336,3035.3530259365994,0.1407942528735632,16.710133743286132
267,2016-05-04,2016-05-11,14.221733474731446,321.6084187288508,13.37599983215332,30.844000244140624,102.25599975585938,18.021999740600585,3035.3530259365994,0.06508920863309352,16.47306709289551
268,2016-05-12,2016-05-19,13.853466796875,289.326030359216,13.238000106811523,30.75,100.8259994506836,19.004000091552733,3035.3530259365994,0.048912048192771077,14.221733474731446
269,2016-05-20,2016-05-27,14.6548002243042,235.6539004460573,13.318000030517577,31.029999923706054,101.13800048828125,19.281999588012695,3035.3530259365994,0.09183492063492062,13.853466796875
270,2016-05-28,2016-06-04,14.678999662399292,357.273004486151,13.212499856948853,30.34000015258789,103.51500129699707,19.90750026702881,3035.3530259365994,0.17865833333333334,14.6548002243042
271,2016-06-05,2016-06-12,15.155866622924805,575.9864309386015,13.256000137329101,29.641999816894533,104.8759994506836,19.722000122070312,3035.3530259365994,0.05786734693877552,14.678999662399292
272,2016-06-13,2016-06-20,14.452400207519531,590.6810702108219,13.042000007629394,29.004000091552733,102.09600067138672,18.92400016784668,3035.3530259365994,0.1177137931034483,15.155866622924805
273,2016-06-21,2016-06-28,13.391600227355957,260.10513562010976,12.896000099182128,28.90200004577637,105.55800018310546,19.03200035095215,3035.3530259365994,0.03726734693877551,14.452400207519531
274,2016-06-29,2016-07-06,14.21583342552185,866.0187130678819,12.559999942779541,28.38249969482422,100.08249855041504,18.13249969482422,3035.353025936599,-0.2545867346938775,13.391600227355957
275,2016-07-07,2016-07-14,14.72906665802002,889.4564140308499,13.207999992370606,29.95199966430664,104.54400024414062,19.05800018310547,3035.3530259365994,0.03413928571428571,14.21583342552185
276,2016-07-15,2016-07-22,14.943599700927734,1963.7103960421086,13.705999755859375,31.28199996948242,108.91000061035156,19.702000045776366,3035.3530259365994,0.16814434782608692,14.72906665802002
277,2016-07-23,2016-07-30,15.378800010681152,1683.0313321068138,13.379999923706055,31.75200080871582,110.44199981689454,19.43800048828125,3035.3530259366,0.06683684210526315,14.943599700927734
278,2016-07-31,2016-08-07,15.248533058166505,488.5828247894048,12.16399974822998,30.521999740600585,111.90800018310547,19.38400001525879,3035.3530259365994,0.06961728395061732,15.378800010681152
279,2016-08-08,2016-08-15,15.085466766357422,62.87241740310193,12.276000213623046,31.30399971008301,117.46799926757812,19.673999786376953,3035.3530259365994,0.03627413793103447,15.248533058166505
280,2016-08-16,2016-08-23,14.91053352355957,74.85908830490709,12.36200008392334,31.761999893188477,119.1240005493164,19.236000061035156,3035.3530259365994,0.03509047619047619,15.085466766357422
281,2016-08-24,2016-08-31,14.534800148010254,76.05562402778864,12.434000205993652,31.666000366210938,120.27799987792969,19.439999771118163,3035.3530259365994,0.10419814814814815,14.91053352355957
282,2016-09-01,2016-09-08,13.384833574295044,36.82083150930703,12.577499866485596,31.992499351501465,121.12749862670898,20.110000610351562,3035.3530259365994,0.029764705882352933,14.534800148010254
283,2016-09-09,2016-09-16,13.142000007629395,209.8423529523909,12.342000007629395,30.886000061035155,118.68799896240235,19.98599967956543,3035.3530259365994,0.004464285714285714,13.384833574295044
284,2016-09-17,2016-09-24,13.734399795532227,431.19192188665266,12.110000038146973,31.997999572753905,117.88800048828125,19.963999938964843,3035.3530259365994,0.10518191489361703,13.142000007629395
285,2016-09-25,2016-10-02,13.677333450317382,400.97243973785635,12.023999977111817,31.70999984741211,117.0199981689453,19.879999923706055,3035.353025936599,0.05279154929577467,13.734399795532227
286,2016-10-03,2016-10-10,13.7490665435791,302.055020693332,12.292000007629394,32.35199966430664,115.99800109863281,19.496000289916992,3035.3530259365994,0.11482857142857142,13.677333450317382
287,2016-10-11,2016-10-18,13.230933380126952,165.6736664679348,11.929999923706054,31.702000045776366,115.13600006103516,18.98400001525879,3035.353025936599,0.05072698412698413,13.7490665435791
288,2016-10-19,2016-10-26,13.437999725341797,174.63210213345286,12.00800018310547,32.044000244140626,115.39999847412109,19.554000091552734,3035.3530259365994,0.09758160919540233,13.230933380126952
289,2016-10-27,2016-11-03,13.073600006103515,135.42056500551104,11.641999816894531,31.436000061035156,114.68600006103516,20.028000259399413,3035.3530259365994,0.13698854166666666,13.437999725341797
290,2016-11-04,2016-11-11,12.721600151062011,343.13314060050254,11.583999824523925,31.719999694824217,111.90399932861328,19.527999877929688,3035.3530259365994,0.2706098360655737,13.073600006103515
291,2016-11-12,2016-11-19,12.3044002532959,644.547923171103,11.946000099182129,33.27199935913086,112.8239990234375,18.64600028991699,3035.353025936599,0.16324929577464792,12.721600151062011
292,2016-11-20,2016-11-27,12.758000135421753,1127.869312842749,11.90499997138977,33.732500076293945,115.1500015258789,18.802499771118164,3035.3530259366,0.10662083333333333,12.3044002532959
293,2016-11-28,2016-12-05,12.512533187866211,1483.614991877884,12.094000053405761,34.997999572753905,117.81600036621094,18.933999633789064,3035.3530259365994,0.11128571428571432,12.758000135421753
294,2016-12-06,2016-12-13,12.745333480834962,456.48094956541064,12.92800006866455,36.50999908447265,121.3979995727539,19.420000076293945,3035.3530259366,0.15805555555555556,12.512533187866211
295,2016-12-14,2016-12-21,13.470400047302245,792.914676209986,12.635999870300292,36.3140007019043,121.50999908447265,19.841999816894532,3035.3530259365994,0.05671785714285714,12.745333480834962
296,2016-12-22,2016-12-29,14.35099983215332,836.770426628515,12.375,35.517499923706055,119.84250068664551,20.5,3035.3530259366,0.1453845070422536,13.470400047302245
297,2016-12-30,2017-01-06,14.740333318710327,394.6742839848251,12.665000200271606,35.86750030517578,119.34500122070312,20.357499599456787,3035.3530259365994,0.04194861111111112,14.35099983215332
298,2017-01-07,2017-01-14,15.442933464050293,85.9924424352944,12.67400016784668,37.231999206542966,119.77200012207031,20.206000137329102,3035.3530259366,0.15158636363636363,14.740333318710327
299,2017-01-15,2017-01-22,16.040499925613403,89.26349119599908,12.452499866485596,37.27250003814697,118.85750007629395,20.175000190734863,3035.3530259365994,0.1636946666666667,15.442933464050293
300,2017-01-23,2017-01-30,16.846133422851562,122.46775248521567,12.513999938964844,37.29199981689453,118.13200073242187,20.07599983215332,3035.3530259365994,0.2522388888888889,16.040499925613403
301,2017-01-31,2017-02-07,16.824266815185545,117.42714247590304,12.407999992370605,36.32800064086914,114.79400024414062,19.921999740600587,1488.94121037464,0.09135892857142858,16.846133422851562
302,2017-02-08,2017-02-15,18.161200332641602,178.13509742051363,12.49600009918213,35.630000305175784,113.33599853515625,19.9060001373291,2364.6,0.13120862068965516,16.824266815185545
303,2017-02-16,2017-02-23,18.201333045959473,614.7509681307524,12.619999885559082,37.47500038146973,113.9375,19.762500286102295,5509.0,0.090332183908046,18.161200332641602
304,2017-02-24,2017-03-03,16.716266632080078,1076.1385139954386,12.601999855041504,37.24000015258789,113.85799865722656,19.745999908447267,3336.4,0.08573333333333331,18.201333045959473
305,2017-03-04,2017-03-11,16.470133590698243,789.734345136106,12.507999992370605,37.27200088500977,112.44200286865234,20.092000198364257,3014.0,0.07806785714285716,16.716266632080078
306,2017-03-12,2017-03-19,17.11266670227051,201.39964873829484,12.583999824523925,36.86600036621094,112.83599853515625,20.05799980163574,2968.0,0.13446533333333338,16.470133590698243
307,2017-03-20,2017-03-27,17.140666580200197,120.6323678127527,11.81200008392334,34.693999481201175,111.21800079345704,20.038000106811523,2973.6,0.1250820224719101,17.11266670227051
308,2017-03-28,2017-04-04,18.79426689147949,202.8443105162084,11.618000030517578,35.20800018310547,109.97200012207031,19.649999618530273,4377.2,0.0857282828282828,17.140666580200197
309,2017-04-05,2017-04-12,20.231200408935546,157.262678458184,11.257999992370605,33.95199966430664,105.98600158691406,18.339999771118165,5273.6,0.1566440677966102,18.79426689147949
310,2017-04-13,2017-04-20,20.186833381652832,107.96123860560357,11.179999828338623,33.69250011444092,105.06000137329102,18.62249994277954,4028.25,-0.009257142857142877,20.231200408935546
311,2017-04-21,2017-04-28,20.61626625061035,128.9189184615314,11.464000129699707,34.114000701904295,108.32200164794922,19.105999755859376,4051.8,0.03489701492537315,20.186833381652832
312,2017-04-29,2017-05-06,20.753999710083008,352.92505167430636,11.110000038146973,33.560000610351565,109.09600219726562,19.220000076293946,4185.6,0.04615267857142858,20.61626625061035
313,2017-05-07,2017-05-14,21.3544002532959,511.18993012943866,11.052000045776367,34.0379997253418,107.55199890136718,19.076000213623047,3885.8,0.048256842105263174,20.753999710083008
314,2017-05-15,2017-05-22,20.838533401489258,302.3115956735909,10.859999847412109,32.96999969482422,106.68999938964843,19.54000015258789,3505.8,0.13771803278688521,21.3544002532959
315,2017-05-23,2017-05-30,20.93416690826416,134.8248472046107,10.950000047683716,33.02250003814697,107.45000076293945,19.362500190734863,3254.75,0.12448795180722895,20.838533401489258
316,2017-05-31,2017-06-07,22.952000045776366,281.9467245925963,11.25,34.34000015258789,108.17400207519532,19.457999801635744,3591.8,0.07106326530612249,20.93416690826416
317,2017-06-08,2017-06-15,24.572533416748048,514.4914034583271,11.200000190734864,34.45,106.41599884033204,19.57599983215332,3162.0,0.023527272727272737,22.952000045776366
318,2017-06-16,2017-06-23,24.96599998474121,242.94407725888487,11.15,34.27200012207031,104.69399871826172,19.23400001525879,3024.0,0.04585742574257428,24.572533416748048
319,2017-06-24,2017-07-01,24.446133041381835,64.28406899490953,11.142000007629395,34.62000045776367,104.83799896240234,19.61599998474121,2654.0,0.09047659574468087,24.96599998474121
320,2017-07-02,2017-07-09,21.69599962234497,63.141106588616964,11.325000286102295,35.09749889373779,107.61999893188477,20.15500020980835,4568.75,0.09496976744186049,24.446133041381835
321,2017-07-10,2017-07-17,21.653066635131836,91.05827175161241,11.494000244140626,35.65999984741211,109.26799926757812,20.21400032043457,3880.8,0.21369130434782607,21.69599962234497
322,2017-07-18,2017-07-25,22.0578670501709,257.0839936311245,11.619999885559082,36.24000015258789,109.6519989013672,20.361999893188475,3105.2,0.20501551724137934,21.653066635131836
323,2017-07-26,2017-08-02,22.085599517822267,478.6235226477981,11.116000175476074,35.61399917602539,112.34199829101563,20.16800003051758,4230.2,0.0632579617834395,22.0578670501709
324,2017-08-03,2017-08-10,23.838933181762695,257.7098962418139,10.922000122070312,35.20199966430664,113.56399993896484,19.802000045776367,4178.0,0.08225126050420169,22.085599517822267
325,2017-08-11,2017-08-18,23.9843994140625,114.83817845371365,10.792000198364258,35.33800048828125,112.45399932861328,19.891999816894533,2947.4,0.13689024390243895,23.838933181762695
326,2017-08-19,2017-08-26,23.106133270263673,324.90287056270245,10.691999816894532,35.363999938964845,112.7,19.997999954223634,2998.2,0.12019555555555554,23.9843994140625
327,2017-08-27,2017-09-03,23.433333587646484,320.2851606282294,10.989999961853027,36.15,112.53000030517578,19.92599983215332,2711.0,0.07020731707317072,23.106133270263673
328,2017-09-04,2017-09-11,23.135499954223633,253.27261768225583,11.404999732971191,37.20249938964844,114.1500015258789,20.16249990463257,3154.0,0.016322727272727267,23.433333587646484
329,2017-09-12,2017-09-19,24.95240020751953,413.5637682977318,11.604000091552734,38.47200012207031,117.10599975585937,20.497999954223634,3530.4,-0.013442666666666658,23.135499954223633
330,2017-09-20,2017-09-27,23.756266403198243,510.03065049549934,11.82800006866455,39.59199905395508,120.67000122070313,20.72400016784668,3630.6,0.0782860465116279,24.95240020751953
331,2017-09-28,2017-10-05,23.005066680908204,317.14361868920923,12.132000160217284,42.06800079345703,119.87799835205078,19.521999740600585,4058.8,0.03950121951219512,23.756266403198243
332,2017-10-06,2017-10-13,23.542533111572265,381.99769483771917,12.308000183105468,45.16600036621094,122.8740005493164,19.257999420166016,4030.4,0.22207363636363628,23.005066680908204
333,2017-10-14,2017-10-21,23.505466842651366,497.93006730219724,12.181999969482423,45.37199935913086,123.55399932861329,19.231999969482423,3896.2,0.06614615384615384,23.542533111572265
334,2017-10-22,2017-10-29,21.96319999694824,340.4112268816233,12.120000076293945,45.327999877929685,123.41399841308593,19.26599998474121,4112.4,0.015435185185185165,23.505466842651366
335,2017-10-30,2017-11-06,21.0405330657959,126.30449870160223,12.300000190734863,42.88399963378906,124.75,19.497999954223634,3938.0,0.07236377952755906,21.96319999694824
336,2017-11-07,2017-11-14,20.424266815185547,154.81747943848367,12.086000061035156,42.43000030517578,126.21199951171874,19.23599967956543,3785.8,0.07874126984126986,21.0405330657959
337,2017-11-15,2017-11-22,20.871998977661132,107.07436231678726,12.060000038146972,44.03800048828125,124.27800140380859,19.011999893188477,7518.0,0.03081631205673758,20.424266815185547
338,2017-11-23,2017-11-30,20.957499980926514,107.6362981197983,12.245000123977661,44.339999198913574,126.38500213623047,19.34000015258789,5503.5,0.0670458823529412,20.871998977661132
339,2017-12-01,2017-12-08,20.532400131225586,504.0841664242149,12.510000038146973,42.5620002746582,123.66399993896485,19.227999877929687,4571.0,0.06623563218390804,20.957499980926514
340,2017-12-09,2017-12-16,22.53746643066406,796.3641646948753,12.570000076293946,41.27200012207031,124.48799896240234,19.4,3846.2,0.07007608695652173,20.532400131225586
341,2017-12-17,2017-12-24,22.077466583251955,718.2679411627354,12.655999946594239,42.268000793457034,127.71200103759766,19.608000183105467,3069.8,0.09169425287356318,22.53746643066406
342,2017-12-25,2018-01-01,20.927332878112793,465.2191714335606,12.542500019073486,41.3700008392334,127.91250038146973,19.885000228881836,2866.75,0.16270869565217394,22.077466583251955
343,2018-01-02,2018-01-09,21.4052001953125,475.9946648498773,12.949999809265137,43.3979995727539,131.85800170898438,20.270000076293947,3388.6,0.01426216216216217,20.927332878112793
344,2018-01-10,2018-01-17,22.48383378982544,1029.915627956614,13.129999876022339,43.86249923706055,137.11999893188477,20.6875,3394.75,0.2331291666666667,21.4052001953125
345,2018-01-18,2018-01-25,23.26439971923828,2160.8449716551304,12.020000076293945,43.56800079345703,139.23800048828124,21.07399978637695,3961.8,0.058260810810810804,22.48383378982544
346,2018-01-26,2018-02-02,23.22346649169922,2672.227090860635,11.144000053405762,42.810000610351565,139.08599853515625,21.68400001525879,3916.2,0.08609782608695651,23.26439971923828
347,2018-02-03,2018-02-10,21.836667251586913,3115.537665540427,10.544000053405762,41.2,135.71399841308593,20.90999984741211,10527.2,0.08982269503546098,23.22346649169922
348,2018-02-11,2018-02-18,21.750133514404297,7560.479475544422,10.679999923706054,41.630000305175784,136.14999694824218,21.006000137329103,6411.8,0.08811866666666665,21.836667251586913
349,2018-02-19,2018-02-26,22.771499633789062,7219.074319717289,10.640000104904175,40.78750038146973,135.72750091552734,20.84749984741211,4664.25,0.13819571428571428,21.750133514404297
350,2018-02-27,2018-03-06,22.579333114624024,3587.2019235091807,10.49799976348877,38.49599990844727,132.51799926757812,20.922000122070312,4046.0,0.084752,22.771499633789062
351,2018-03-07,2018-03-14,22.345600128173828,1752.0052081983983,10.711999893188477,37.8520004272461,129.88399963378907,21.17600021362305,4162.0,0.157771,22.579333114624024
352,2018-03-15,2018-03-22,21.167866134643553,873.0053391319216,11.063999938964844,37.45399932861328,129.33399963378906,21.13000030517578,4027.6,0.03961860465116282,22.345600128173828
353,2018-03-23,2018-03-30,18.784133529663087,2287.505829508901,10.831999969482421,35.56800003051758,127.91799621582031,20.927999877929686,5096.2,-0.009524844720496894,21.167866134643553
354,2018-03-31,2018-04-07,18.826266479492187,4122.546708454907,11.173999977111816,37.28199920654297,127.09400177001953,20.71800003051758,4993.8,-0.08703352272727273,18.784133529663087
355,2018-04-08,2018-04-15,19.862800216674806,3472.3811089509422,11.344000053405761,38.69200057983399,127.87999877929687,20.915999984741212,4083.6,-0.10416449275362316,18.826266479492187
356,2018-04-16,2018-04-23,19.50093307495117,1527.715499645889,11.173999977111816,38.54000015258789,128.99000244140626,21.14000015258789,4151.8,0.14913960396039602,19.862800216674806
357,2018-04-24,2018-05-01,19.168133163452147,1107.2268463899495,11.245999908447265,37.73600082397461,130.83399963378906,21.141999816894533,3606.0,0.09544660194174752,19.50093307495117
358,2018-05-02,2018-05-09,19.792400360107422,626.1810598139167,11.276000022888184,36.34600067138672,130.8039978027344,20.47599983215332,5186.6,-0.00024054054054053355,19.168133163452147
359,2018-05-10,2018-05-17,19.58280029296875,771.5076899191439,11.239999961853027,37.12999954223633,137.63400268554688,20.386000061035155,3970.4,-0.007995477386934678,19.792400360107422
360,2018-05-18,2018-05-25,18.576533126831055,1189.1636775535942,11.48400001525879,38.07999954223633,135.1,20.596000289916994,3733.2,0.12434298245614042,19.58280029296875
361,2018-05-26,2018-06-02,19.200500011444092,1004.5435821709036,11.5625,40.27750110626221,128.30249977111816,19.96749973297119,3309.25,0.1319730964467004,18.576533126831055
362,2018-06-03,2018-06-10,20.5482666015625,368.04227745392916,11.934000015258789,43.875999450683594,135.31400146484376,19.988000106811523,3424.8,0.08212280701754386,19.200500011444092
363,2018-06-11,2018-06-18,23.1405330657959,675.6402336010336,11.986000061035156,44.19199981689453,135.6720001220703,19.979999923706053,3552.4,0.14798516483516475,20.5482666015625
364,2018-06-19,2018-06-26,23.052266693115236,781.3108038399815,11.723999977111816,41.4379997253418,132.55,19.523999786376955,2960.6,0.0848864077669903,23.1405330657959
365,2018-06-27,2018-07-04,22.444133377075197,662.0994927001893,11.17199993133545,39.752000427246095,128.06799926757813,19.20999984741211,2866.8,0.041219158878504684,23.052266693115236
366,2018-07-05,2018-07-12,21.039999389648436,799.1805681242347,11.126000022888183,39.55400009155274,129.33200073242188,18.59799995422363,3411.0,0.13617619047619048,22.444133377075197
367,2018-07-13,2018-07-20,21.276533126831055,1067.7185413953362,10.87599983215332,39.626000213623044,130.86599731445312,18.313999938964844,3716.2,0.18524929577464785,21.039999389648436
368,2018-07-21,2018-07-28,20.17599983215332,1609.6233930140436,10.276000213623046,38.136000061035155,132.86200256347655,18.591999816894532,3015.8,0.15080719424460423,21.276533126831055
369,2018-07-29,2018-08-05,21.15813331604004,894.5492824566069,9.993999862670899,37.41399917602539,132.16000061035157,18.812000274658203,3487.0,0.16557067307692303,20.17599983215332
370,2018-08-06,2018-08-13,23.997866821289062,373.9353849465251,9.961999893188477,37.3879997253418,126.74799957275391,18.818000030517577,4955.6,0.04151940789473687,21.15813331604004
371,2018-08-14,2018-08-21,21.80960006713867,320.2223599044681,9.546000099182129,36.316000366210936,122.9219985961914,18.721999740600587,4704.6,0.032823000000000026,23.997866821289062
372,2018-08-22,2018-08-29,21.27586669921875,349.25322125554084,9.8,36.55199966430664,124.2759994506836,18.881999588012697,3587.6,0.07523507853403139,21.80960006713867
373,2018-08-30,2018-09-06,19.57499933242798,675.0678698856383,9.53499984741211,35.82499980926514,122.95500183105469,18.697499752044678,3245.75,-0.005368907563025214,21.27586669921875
374,2018-09-07,2018-09-14,18.775733184814452,679.035800814867,9.334000205993652,33.97200012207031,120.05400085449219,18.576000213623047,6487.2,0.04163399999999999,19.57499933242798
375,2018-09-15,2018-09-22,19.683333587646484,274.21508113902803,9.714000129699707,35.45,124.5,19.394000244140624,4531.8,0.08989707317073176,18.775733184814452
376,2018-09-23,2018-09-30,19.76719970703125,252.54735183832054,9.34600009918213,33.8739990234375,124.59599914550782,19.026000213623046,4401.6,-0.02617675675675676,19.683333587646484
377,2018-10-01,2018-10-08,19.33733367919922,291.1216905896067,9.183999824523926,33.97399978637695,123.38199920654297,18.344000244140624,5584.4,-0.0030788018433179657,19.76719970703125
378,2018-10-09,2018-10-16,17.203733444213867,1376.8337238755225,8.806000137329102,32.294000244140626,117.36799926757813,17.87400016784668,3966.6,0.19137050359712227,19.33733367919922
379,2018-10-17,2018-10-24,18.010400009155273,4567.011855602771,8.554000091552734,31.53400001525879,117.15800018310547,17.786000061035157,3771.2,0.1141541666666667,17.203733444213867
380,2018-10-25,2018-11-01,21.971067047119142,6954.586248889356,9.251999855041504,33.582000732421875,116.51200103759766,17.855999755859376,4353.8,0.17605174825174835,18.010400009155273
381,2018-11-02,2018-11-09,23.0457332611084,3356.9940261972833,9.502000045776366,36.4379997253418,117.01000061035157,18.07599983215332,3681.0,0.1638765625,21.971067047119142
382,2018-11-10,2018-11-17,22.89013328552246,2361.319324848294,9.386000061035157,35.62999954223633,116.30399932861329,17.936000061035156,3359.2,0.17721800000000001,23.0457332611084
383,2018-11-18,2018-11-25,22.749666690826416,2135.2399743467195,9.137500047683716,35.5625,118.34749984741211,16.9375,3034.0,0.18179186046511628,22.89013328552246
384,2018-11-26,2018-12-03,23.059200286865234,2454.415665838927,9.373999786376952,37.2,121.42200012207032,17.29199981689453,3944.4,0.11840461538461537,22.749666690826416
385,2018-12-04,2018-12-11,24.098000049591064,2589.8019791952893,8.885000228881836,35.332499504089355,120.90500068664551,17.049999713897705,3932.25,0.09009117647058823,23.059200286865234
386,2018-12-12,2018-12-19,23.927333450317384,2455.4268117591737,8.526000213623046,35.09000015258789,120.46600036621093,16.397999954223632,3405.2,0.1610506024096386,24.098000049591064
387,2018-12-20,2018-12-27,20.943833351135254,8458.877298916392,7.947500109672546,33.28499984741211,114.48499870300293,15.795000076293945,2466.75,0.25750593220338985,23.927333450317384
388,2018-12-28,2019-01-04,21.28583335876465,13119.840299107358,7.7850000858306885,33.3149995803833,115.83749961853027,15.999999761581421,2793.0,0.1256772357723577,20.943833351135254
389,2019-01-05,2019-01-12,22.68093338012695,6400.483551349312,8.573999977111816,35.252000427246095,123.21399841308593,16.58800048828125,3511.8,0.05117142857142857,21.28583335876465
390,2019-01-13,2019-01-20,22.32599983215332,4675.527458605349,8.611999893188477,37.949999237060545,125.51999969482422,16.705999755859374,3497.8,0.003548672566371679,22.68093338012695
391,2019-01-21,2019-01-28,19.584333419799805,5713.5756644380845,8.575000047683716,38.15499973297119,123.15500068664551,16.71749973297119,3101.5,0.1343106194690265,22.32599983215332
392,2019-01-29,2019-02-05,20.511333465576172,3135.36366848734,8.738000106811523,38.85800018310547,122.67599945068359,16.923999786376953,3370.4,0.14124640883977896,19.584333419799805
393,2019-02-06,2019-02-13,20.735733795166016,2128.0133852077424,8.442000198364259,38.98400039672852,118.68000030517578,16.645999908447266,3239.0,0.18140962962962962,20.511333465576172
394,2019-02-14,2019-02-21,20.330833435058594,1842.9801600838082,8.682499885559082,39.364999771118164,121.17000007629395,17.02250051498413,3084.5,0.17778235294117647,20.735733795166016
395,2019-02-22,2019-03-01,20.346133041381837,1793.0773314018247,8.780000114440918,39.944000244140625,122.16400146484375,17.216000366210938,3426.2,0.016350276243093934,20.330833435058594
396,2019-03-02,2019-03-09,18.65160026550293,1006.223710512638,8.61200008392334,38.645999908447266,117.92200012207032,16.673999786376953,4134.8,0.08971146788990826,20.346133041381837
397,2019-03-10,2019-03-17,19.048400115966796,474.60646941390644,8.509999847412109,38.427999114990236,118.7739990234375,16.772000122070313,4321.0,0.018465104166666666,18.65160026550293
398,2019-03-18,2019-03-25,17.988132858276366,506.4166393088699,8.601999855041504,37.407999420166014,119.91400146484375,17.07599983215332,3892.2,0.11587264957264957,19.048400115966796
399,2019-03-26,2019-04-02,18.536800384521484,716.5311148634255,8.781999969482422,37.07999954223633,119.95399780273438,16.713999938964843,3226.2,0.18894545454545456,17.988132858276366
400,2019-04-03,2019-04-10,18.4007999420166,1061.3351746439337,9.226000022888183,38.80800018310547,121.99799957275391,16.829999923706055,3544.8,0.042925609756097556,18.536800384521484
401,2019-04-11,2019-04-18,17.961200332641603,1188.0756299127938,9.405999946594239,39.652000427246094,122.24800109863281,16.7120002746582,3100.6,0.17143695652173913,18.4007999420166
402,2019-04-19,2019-04-26,17.2156662940979,1245.2509113198146,9.492499828338623,39.540000915527344,123.79250144958496,16.367499828338623,4331.0,0.043843205574912884,17.961200332641603
403,2019-04-27,2019-05-04,16.177333450317384,510.8930390992761,10.363999938964843,38.95199966430664,123.31399841308594,16.02000026702881,3404.8,0.06631785714285711,17.2156662940979
404,2019-05-05,2019-05-12,16.383200073242186,431.16058354204887,10.33400001525879,38.05999984741211,121.16600036621094,15.738000106811523,3258.8,0.15398888888888887,16.177333450317384
405,2019-05-13,2019-05-20,15.075066757202148,1132.4725045307575,10.273999786376953,37.07000045776367,119.25400085449219,14.547999954223632,3102.8,0.1686769784172662,16.383200073242186
406,2019-05-21,2019-05-28,13.065500259399414,1703.2032785445824,9.972500085830688,35.732500076293945,117.89750099182129,13.600000143051147,3681.25,0.09964868421052633,15.075066757202148
407,2019-05-29,2019-06-05,12.477466583251953,1969.3889649488033,9.7,34.476000213623045,118.91000061035156,13.865999984741212,2967.6,0.16575371900826447,13.065500259399414
408,2019-06-06,2019-06-13,13.995866775512695,1518.9717862244247,9.820000076293946,35.71199951171875,123.56999969482422,13.978000068664551,2612.6,0.23589347826086945,12.477466583251953
409,2019-06-14,2019-06-21,14.809866523742675,2194.511056986511,10.042000007629394,36.44799957275391,124.98800048828124,13.981999969482422,2827.6,0.14509389312977097,13.995866775512695
410,2019-06-22,2019-06-29,14.786266708374024,3759.158732347638,10.025999832153321,37.92399978637695,123.93399963378906,14.231999778747559,2876.8,0.13388110236220477,14.809866523742675
411,2019-06-30,2019-07-07,15.328666687011719,1836.4960500275345,10.167499780654907,38.4375,126.54750061035156,14.385000228881836,2851.5,0.2434704347826087,14.786266708374024
412,2019-07-08,2019-07-15,15.77333335876465,1325.62725601089,10.22599983215332,38.40999984741211,127.12200012207032,14.215999984741211,2922.6,0.19673897058823542,15.328666687011719
413,2019-07-16,2019-07-23,16.995199966430665,1035.1632871320842,10.264000129699706,39.40999984741211,129.81799926757813,14.120000076293945,2895.6,0.09777163120567375,15.77333335876465
414,2019-07-24,2019-07-31,15.996933746337891,574.6884869097471,9.722000122070312,40.70200042724609,132.06199951171874,13.61200008392334,3140.0,0.16325448717948726,16.995199966430665
415,2019-08-01,2019-08-08,15.475733184814453,957.5464388149679,9.365999794006347,39.48199996948242,128.4279998779297,12.723999977111816,2284.2,0.17564677419354852,15.996933746337891
416,2019-08-09,2019-08-16,15.123733139038086,2883.84897254625,9.17199993133545,38.22799987792969,128.09399871826173,12.447999954223633,2236.6,0.2577266666666667,15.475733184814453
417,2019-08-17,2019-08-24,14.760933303833008,3496.0818099722264,8.968000030517578,36.95199966430664,129.20599975585938,12.3939998626709,2524.0,0.02779357142857143,15.123733139038086
418,2019-08-25,2019-09-01,14.559866905212402,1624.0068881918191,8.973999977111816,36.51599960327148,130.53200073242186,12.276000022888184,2477.4,0.14022835820895518,14.760933303833008
419,2019-09-02,2019-09-09,15.04533314704895,972.7358767225966,9.245000123977661,38.16499996185303,131.72250366210938,12.429999828338623,2674.75,0.18196239316239315,14.559866905212402
420,2019-09-10,2019-09-17,16.220266342163086,2039.451971561879,9.4,38.83600006103516,135.51199951171876,13.189999771118163,3312.4,0.2026303921568627,15.04533314704895
421,2019-09-18,2019-09-25,15.935333633422852,2547.951622219652,9.157999992370605,37.46800003051758,136.78800048828126,13.140000152587891,3296.4,0.17584870129870125,16.220266342163086
422,2019-09-26,2019-10-03,16.178400802612305,800.3426911927759,8.977999877929687,36.65999984741211,134.77000122070314,12.6439998626709,3579.2,0.1798289655172414,15.935333633422852
423,2019-10-04,2019-10-11,15.979599761962891,1214.1840392231345,8.628000068664551,34.46800003051758,132.01199645996093,12.263999938964844,3696.4,0.12164873949579834,16.178400802612305
424,2019-10-12,2019-10-19,17.246933364868163,1207.9239605831804,9.071999740600585,36.15399932861328,136.08399963378906,12.531999969482422,3459.2,0.2010066176470588,15.979599761962891
425,2019-10-20,2019-10-27,18.554266738891602,1224.628392691314,8.926000022888184,36.28200073242188,137.28400268554688,12.568000030517577,4060.2,0.21343006993006988,17.246933364868163
426,2019-10-28,2019-11-04,21.16226692199707,1786.0023469064831,8.654000091552735,37.577999877929685,138.88399963378907,12.660000228881836,3741.2,0.18811531531531525,18.554266738891602
427,2019-11-05,2019-11-12,22.1542667388916,1608.4377600367964,8.990000152587891,38.50599975585938,142.68399963378906,12.88799991607666,3730.6,0.16984912280701747,21.16226692199707
428,2019-11-13,2019-11-20,23.42853355407715,1330.2964956829546,8.879999923706055,36.77599945068359,143.8300018310547,12.592000007629395,5072.0,0.18137962962962972,22.1542667388916
429,2019-11-21,2019-11-28,22.45893325805664,806.0314811913073,8.942000198364259,35.572000122070314,142.16799926757812,12.331999969482421,8485.6,0.08065665024630542,23.42853355407715
430,2019-11-29,2019-12-06,22.192133712768555,540.5351709511876,8.968000221252442,35.704000091552736,141.48400268554687,12.359999847412109,5233.2,0.10874680851063828,22.45893325805664
431,2019-12-07,2019-12-14,23.455199813842775,349.4760351869166,9.14799976348877,35.49600067138672,141.6779998779297,12.408000183105468,4342.0,0.1684068965517242,22.192133712768555
432,2019-12-15,2019-12-22,26.17693328857422,720.6468618304731,9.442000007629394,36.84800033569336,142.48399963378907,12.23799991607666,3573.2,0.1293362637362637,23.455199813842775
433,2019-12-23,2019-12-30,28.42983341217041,1456.3034388228505,9.429999828338623,36.597500801086426,141.5275001525879,11.75,2874.75,0.22011301369863018,26.17693328857422
434,2019-12-31,2020-01-07,29.05233335494995,1945.8532830297204,9.272500038146973,36.53499984741211,141.07500076293945,11.582500219345093,3785.0,0.09557100000000002,28.42983341217041
