,Tesla Stock Close Price,Tesla Stock Open Price,Tesla Stock Volume,Tesla Stock Adj Close Price,Tesla Stock High,Tesla Stock Low,S&P 500 Variance,Ford Stock Price,GM Stock Price,Toyota Stock Price,Nissan Stock Price,Tesla Wikipedia Page Views,Sentiment,Previous Sentiment,Previous Week Tesla Stock Close Price
2,1.372800016,1.393599987,35776200,1.372800016,1.437333179,1.326933575,35552.10727,11.59599991,34.18999863,70.74600067,14.2,1145.4,0.01823548387,0.14415,1.1446666
3,1.384800005,1.398933434,9836100,1.384800005,1.413599777,1.361733222,9178.074048,12.91399994,34.18999863,70.37200012,14.83999996,1449.4,0.08960322581,0.01823548387,1.372800016
4,1.388933206,1.401200008,13199100,1.388933206,1.424133396,1.354266572,435.732436,13.03999977,34.18999863,72.76399841,15.46000004,1102.2,0.1403225806,0.08960322581,1.384800005
5,1.232666612,1.256266785,12649800,1.232666612,1.2648,1.215600014,380.8257869,12.56000004,34.18999863,70.75600128,15.06200008,898,0.04008,0.1403225806,1.388933206
6,1.261199975,1.255866599,7230300,1.261199975,1.281999803,1.233066583,316.1061499,12.00200005,34.18999863,70.69000092,15.20000019,801,0.1880225806,0.04008,1.232666612
7,1.312266779,1.303333187,8167800,1.312266779,1.333599997,1.282933187,591.345328,11.32800007,34.18999863,69.03000031,14.9920002,766.2,0.1682060606,0.1880225806,1.261199975
8,1.384999752,1.357833236,6225000,1.384999752,1.40383324,1.351166755,615.9936097,11.7974999,34.18999863,69,15.74500012,808.5,0.1194,0.1682060606,1.312266779
9,1.39599998,1.388800001,7388700,1.39599998,1.419733214,1.363600016,416.2262596,11.87599983,34.18999863,70.52200012,16.16399975,926.6,0.1702028571,0.1194,1.384999752
10,1.353200221,1.377866602,13719000,1.353200221,1.404133391,1.332400012,878.8788285,12.46000004,34.18999863,71.56800079,16.56199989,949.8,0.249525,0.1702028571,1.39599998
11,1.398933387,1.404266834,19187700,1.398933387,1.429733419,1.365866756,590.4883382,12.36599998,34.18999863,72.38600159,17.37399979,1040.6,0.1961,0.249525,1.353200221
12,1.379066586,1.381866598,5093400,1.379066586,1.401866603,1.364799976,244.7788528,13.21399994,34.18999863,71.24600067,17.85200005,1011.4,0.1275366667,0.1961,1.398933387
13,1.364133024,1.375600219,3938700,1.364133024,1.383466578,1.348133206,202.629088,13.78199997,34.18999863,71.02000275,18.21199989,1012,0.255715625,0.1275366667,1.379066586
14,1.373599982,1.367866802,3763200,1.373599982,1.386133409,1.356933188,239.8491781,13.77399998,34.18999863,71.54400024,18.13600044,936.8,0.1600758621,0.255715625,1.364133024
15,1.422533393,1.431999993,4918800,1.422533393,1.458133411,1.4002666,169.4042336,14.24799995,34.18999863,70.54400024,17.50999985,995,0.07837272727,0.1600758621,1.373599982
16,1.710799789,1.619333386,22234200,1.710799789,1.746133614,1.573333216,206.1645389,16.23599949,34.18999863,73.44199982,18.92599983,1111.8,0.06463870968,0.07837272727,1.422533393
17,1.995866609,2.004533434,25217100,1.995866609,2.084399843,1.923200011,288.0226977,16.52200012,34.18999863,75.8480011,19.00400009,991,0.1386516129,0.06463870968,1.710799789
18,2.312666953,2.26216644,18311625,2.312666953,2.351666808,2.212833464,233.9609796,15.98750019,33.65250015,78.29750061,18.8375001,912.5,0.1829685714,0.1386516129,1.995866609
19,2.238000011,2.280533218,23503500,2.238000011,2.323333454,2.163466597,221.3474646,16.40799961,34.40199966,78.71800079,19.34400024,844.4,0.0197483871,0.1829685714,2.312666953
20,2.104133415,2.118399954,12243300,2.104133415,2.159733438,2.052133203,260.8421745,16.67799988,34.23200073,78.28000031,19.50200005,1383.6,0,0.0197483871,2.238000011
21,2.02666657,2.025866389,13905300,2.02666657,2.066666818,1.972133422,456.6041187,16.67799988,33.77399979,77.83800201,19.11199989,853.8,0.072034375,0,2.104133415
22,1.911333263,1.956333309,59040375,1.911333263,2.011166483,1.861333519,486.6865383,16.84250021,34.91249943,77.87500191,18.92749977,755.5,0.1144925926,0.072034375,2.02666657
23,1.776666808,1.789999819,22128300,1.776666808,1.813333392,1.746533608,180.2971476,17.2,37.34200058,79.29399872,19.31399994,826.4,0.2239225806,0.1144925926,1.911333263
24,1.824399996,1.849733424,20966400,1.824399996,1.871199989,1.807333398,151.4719986,18.45,38.63600006,83.68799896,20.6,1080.4,0.1570576923,0.2239225806,1.776666808
25,1.588833243,1.63166675,28087875,1.588833243,1.652499974,1.559666514,156.9518268,18.08250046,37.46250057,83.63750076,20.28999996,1089.5,0.1974363636,0.1570576923,1.824399996
26,1.637999988,1.633466601,17821800,1.637999988,1.660533404,1.595066595,138.5333077,17.85000038,37.83999939,82.90800018,20.34000015,1007.2,0.09913235294,0.1974363636,1.588833243
27,1.587199998,1.597066808,9490800,1.587199998,1.607999992,1.56106658,109.5828176,15.74400005,36.25400085,83.98000031,20.91400032,866,0.1185193548,0.09913235294,1.637999988
28,1.563333368,1.574133396,26682600,1.563333368,1.612799811,1.527866578,202.1351549,16.14999981,36.3840004,89.97599945,21.29000015,1041.6,0.2266735294,0.1185193548,1.587199998
29,1.556333244,1.565666497,41883000,1.556333244,1.615833223,1.522666752,334.7554385,15.75499988,36.34999943,92.75499916,20.94999981,947.5,0.1714,0.2266735294,1.563333368
30,1.573199987,1.549333405,15667500,1.573199987,1.588400006,1.5349334,236.4406172,14.82799988,33.12600021,91.90399933,20.5,928.2,0,0.1714,1.556333244
31,1.64373343,1.641466594,20866200,1.64373343,1.664400005,1.606400013,120.926596,14.25000019,32.09600029,89.41199799,19.90800018,1056,0.2002878788,0,1.573199987
32,1.530533361,1.537466621,15795000,1.530533361,1.557733393,1.504533386,284.7789355,14.38000011,31.80200005,81.43000031,18.06799965,876.8,0.175615625,0.2002878788,1.64373343
33,1.496133423,1.499466586,7342800,1.496133423,1.514133382,1.475866604,363.2348331,14.65800018,31.2079998,82.16800079,17.58400002,911.4,0.238815625,0.175615625,1.530533361
34,1.670533395,1.654799795,52258200,1.670533395,1.718933392,1.6245332,337.0077507,14.92599983,31.38800011,80.39600067,17.44199982,1708.6,0.1719352941,0.238815625,1.496133423
35,1.762533402,1.783866811,31785900,1.762533402,1.814400196,1.724266601,467.0269316,15.44799976,32.06800003,77.31399841,16.70400009,1314.8,0.1729571429,0.1719352941,1.670533395
36,1.677866578,1.680533218,14163000,1.677866578,1.707066584,1.64573319,263.5499073,14.75599995,30.24799995,77.37400055,17.24400024,1033.8,0.115659375,0.1729571429,1.762533402
37,1.785666525,1.768999755,17189625,1.785666525,1.805333465,1.741666496,92.98364275,15.55250001,31.28500032,78.56500244,18.5875001,1104.5,0.1296742857,0.115659375,1.677866578
38,1.800666595,1.821999812,14062500,1.800666595,1.833333182,1.772000217,272.2423671,15.30599995,32.4640007,79.77000122,19.22999954,935,0.06523225806,0.1296742857,1.785666525
39,1.847066975,1.846800184,14111100,1.847066975,1.882400012,1.808400202,316.0645279,15.14399986,31.3579998,81.76999817,19.55,989.4,0.09755294118,0.06523225806,1.800666595
40,1.801066804,1.818400002,18651000,1.801066804,1.842400002,1.756533194,172.7092569,15.06800003,31.27400017,81.12599945,19.65200005,838.4,0.2546,0.09755294118,1.847066975
41,1.887333202,1.865333009,33583200,1.887333202,1.914133215,1.817466593,163.2637877,14.64000015,31.00400009,81.13399963,19.31599998,977.4,0.1709285714,0.2546,1.801066804
42,1.949999785,1.976799989,43041000,1.949999785,2.01773355,1.922666788,155.7904225,14.25,29.86399994,81.22600098,19.38199997,960.6,0.1048973684,0.1709285714,1.887333202
43,1.861733198,1.866666818,24457500,1.861733198,1.914400005,1.838266587,451.4900786,13.48400021,28.9720005,80.9,19.54599991,818.2,0.113475,0.1048973684,1.949999785
44,1.783333397,1.792533374,24196800,1.783333397,1.841866827,1.739733386,592.0525086,13.04399986,29.33400002,80.11399994,20.23199997,989.2,0.2414675676,0.113475,1.861733198
45,1.87413342,1.868800187,26146800,1.87413342,1.905599785,1.849466586,329.0451021,13.44799995,30.26800003,81.01199951,20.92599945,847.8,0.1299852941,0.2414675676,1.783333397
46,1.944000274,1.953166991,16842750,1.944000274,1.975833505,1.914333254,523.4328852,14.0150001,31.35750008,84.22749901,21.36750031,872.25,0.1823764706,0.1299852941,1.87413342
47,1.871333408,1.886933184,14865600,1.871333408,1.912533188,1.847333598,788.111646,13.17800007,30.40800018,84.02999878,21.32000008,871,0.1111717949,0.1823764706,1.944000274
48,1.890666628,1.873733425,19563900,1.890666628,1.929333234,1.848266387,537.5485327,13.13199997,29.54599991,84.48200073,21.52800026,915.6,0.1876611111,0.1111717949,1.871333408
49,1.876666808,1.878399801,14312700,1.876666808,1.909333181,1.8497334,259.8544335,12.43799992,28.21599998,82.27799835,21.55999985,820.8,0.09586153846,0.1876611111,1.890666628
50,1.665200019,1.683333206,32295900,1.665200019,1.733200002,1.608533406,1444.857114,10.83799992,25.91599998,77.40600128,19.32199974,1142.8,0.15345,0.09586153846,1.876666808
51,1.730266786,1.717066789,11296800,1.730266786,1.771066594,1.688400221,5322.05912,11.13600006,25.75,75.15200043,18.51600037,884.4,0.2225891892,0.15345,1.665200019
52,1.522533417,1.544933414,13783500,1.522533417,1.585733414,1.478800011,4264.606724,10.20799999,22.11999969,71.49399872,16.87399979,813.2,0.2462375,0.2225891892,1.730266786
53,1.6153332,1.6245332,10834200,1.6153332,1.653066611,1.585466599,1376.670789,10.83800011,23.30000038,71.07799835,18.01999969,788.2,0.3445558824,0.2462375,1.522533417
54,1.555999756,1.547333241,9165000,1.555999756,1.580000013,1.523333251,856.3452155,10.29250026,22.13500023,68.82250023,17.21749973,686,0.2142088235,0.3445558824,1.6153332
55,1.625600004,1.588266802,12310800,1.625600004,1.6402668,1.570800185,736.9490704,10.36999989,22.2720005,69.76199951,17.3340004,762.6,0.2136771429,0.2142088235,1.555999756
56,1.725200009,1.727733183,15105000,1.725200009,1.77066679,1.686666608,540.3911962,9.989999962,21.20600014,68.46399994,16.73599968,756.8,0.1976617647,0.2136771429,1.625600004
57,1.606533217,1.663466597,15637500,1.606533217,1.687066603,1.569733381,668.3433218,9.810000038,20.5,68.35800018,17.55600014,1651.2,0.0771326087,0.1976617647,1.725200009
58,1.8298666,1.792266798,17109900,1.8298666,1.855333424,1.7648,936.6335958,11.10199986,22.57800026,67.28799896,18.45800018,1260.4,0.06894871795,0.0771326087,1.606533217
59,1.849600005,1.848266602,14841900,1.849600005,1.873466611,1.807066584,1122.844679,11.6,23.38600006,67.40599976,18.54199982,1150.6,0.085925,0.06894871795,1.8298666
60,1.912132978,1.881733203,12716700,1.912132978,1.934266591,1.854266596,1724.080249,12.17800007,25.52000008,68.03200073,18.54999962,1013.8,0.14034,0.085925,1.849600005
61,2.023066616,1.978000021,24561300,2.023066616,2.034399986,1.933866787,1466.41473,11.3,24.00400047,65.47599945,18.53600006,1291,0.1219604651,0.14034,1.912132978
62,2.119466972,2.089599991,24010500,2.119466972,2.153199768,2.039866638,640.3064438,11.2,23.31400032,64.53400116,18.36000023,1218.6,0.05877073171,0.1219604651,2.023066616
63,2.225466394,2.226400232,18023700,2.225466394,2.278000021,2.17213335,407.1042795,10.35000019,22.10400009,63.31200027,17.61600037,1061.4,0.1779710526,0.05877073171,2.119466972
64,2.123667002,2.129999697,7363875,2.123667002,2.180167019,2.09616673,1011.253237,9.892499924,20.40749979,62.76499939,17.16250038,912.75,0.1032648649,0.1779710526,2.225466394
65,2.258400011,2.236800003,13857600,2.258400011,2.300666618,2.20853343,1141.752312,10.94599991,21.49000015,67.11000061,18.11800003,889.4,0.3362809524,0.1032648649,2.123667002
66,1.97399981,1.996266651,14569500,1.97399981,2.020266795,1.937733412,1026.299745,10.55199986,20.32599983,66.18399963,17.54799995,947.6,0.1801916667,0.3362809524,2.258400011
67,1.851866627,1.862000203,15409800,1.851866627,1.880933404,1.812533402,868.9418078,10.57999992,20.05200005,64.29999924,17.72999954,748.4,0.1990674419,0.1801916667,1.97399981
68,1.906166762,1.895500004,8177625,1.906166762,1.938833237,1.874666482,377.5293051,10.69250035,20.10750008,65,17.62750006,860.25,0.3487654545,0.1990674419,1.851866627
69,1.830333233,1.868499994,13312500,1.830333233,1.898166746,1.806833237,415.3540809,11.43250012,21.82249975,68.33500099,17.94249964,960.25,0.220965,0.3487654545,1.906166762
70,1.781499743,1.865666479,28401750,1.781499743,1.887666732,1.75,666.8688515,12.01250005,24.16750002,68.41749954,17.67750025,973,0.09243333333,0.220965,1.830333233
71,1.791466594,1.789599824,13864200,1.791466594,1.820133209,1.763999987,470.9009343,12.6039999,24.80800018,70.36399994,18.56399994,947.4,0.2758439024,0.09243333333,1.781499743
72,1.953199792,1.933733177,12684300,1.953199792,1.981466603,1.9053334,372.5615814,12.40799999,24.3420002,73.98999939,18.96199951,1404.8,0.1944625,0.2758439024,1.791466594
73,2.120800209,2.092133188,13017000,2.120800209,2.13253336,2.064533377,279.1326475,12.83199997,26.11800003,79.14400024,19.65400009,1324.6,0.2525869565,0.1944625,1.953199792
74,2.232133198,2.185066605,27980700,2.232133198,2.263199949,2.141466427,266.1254898,12.57799988,26.03600006,81.69600067,19.82399979,2020.8,0.1531707317,0.2525869565,2.120800209
75,2.283333242,2.293166757,17140125,2.283333242,2.317999959,2.218999982,274.587287,12.35999966,26.61749983,84.03499985,20.32249975,1752.25,0.04437073171,0.1531707317,2.232133198
76,2.257199764,2.2502666,9022200,2.257199764,2.287466764,2.217733192,211.1132572,12.46200008,26.3079998,83.11999969,20.47999992,1632.2,0.1901102564,0.04437073171,2.283333242
77,2.267333412,2.231599951,15266100,2.267333412,2.289066792,2.218266773,91.4481444,12.36000004,25.18400002,81.99599915,20.13199997,1579.6,0.186946,0.1901102564,2.257199764
78,2.340666819,2.352266836,11205000,2.340666819,2.371866846,2.313600159,208.653902,12.69200001,25.68399963,84.83600006,21.11800003,1530.6,0.2837681818,0.186946,2.267333412
79,2.422266483,2.396799994,24983100,2.422266483,2.483466578,2.355066824,389.5925168,12.35199966,25.25999985,84.97599945,21.01199989,1467.4,0.1907078947,0.2837681818,2.340666819
80,2.417466784,2.425599957,27012900,2.417466784,2.470800018,2.386399984,367.4300367,12.54400005,25.57200012,85.43800049,21.35399971,1220.6,0.4242444444,0.1907078947,2.422266483
81,2.2097332,2.242666626,18877200,2.2097332,2.265999937,2.173066854,176.4463144,11.98199997,24.0079998,81.91600037,20.4420002,2895.8,0.2306,0.4242444444,2.417466784
82,2.1796,2.184266376,13904700,2.1796,2.222400188,2.148000002,286.1522232,11.72999992,23.84400024,81.31200104,20.39000015,1990.8,0.2208605263,0.2306,2.2097332
83,2.179999971,2.177466583,9881400,2.179999971,2.204133415,2.141333437,301.2805875,11.58800011,23.27999992,81.1280014,20.61800041,1656.6,0.10645,0.2208605263,2.1796
84,2.193066788,2.197600222,13209300,2.193066788,2.235200167,2.155466604,210.5354279,10.91599998,22.67600021,79.30800018,19.72600021,1224.8,0.09384,0.10645,2.179999971
85,2.06346662,2.105866575,35076300,2.06346662,2.159733152,2.047866631,255.9757986,10.48999977,21.97200012,79.7980011,19.54799995,1497.8,0.183304878,0.09384,2.193066788
86,1.956266618,1.94546659,23481900,1.956266618,1.998666596,1.889200187,949.2860965,10.16399994,21.5920002,76.88799896,19.12000008,2831.6,0.1798042553,0.183304878,2.06346662
87,2.023500055,2.022000313,18123375,2.023500055,2.067499995,1.970000267,1024.404493,10.6650002,22.46500063,76.77000046,19.01999998,2390,0.265595122,0.1798042553,1.956266618
88,1.920266771,1.903200006,11834700,1.920266771,1.950800014,1.864133215,557.2997235,10.40199986,21.61800003,75.96800232,18.84799957,1553.4,0.2760363636,0.265595122,2.023500055
89,1.97133317,1.982133436,10704300,1.97133317,2.027733421,1.92893362,261.7455394,10.40200005,21.9,76.14999847,18.92799988,1412,0.0389925,0.2760363636,1.920266771
90,2.182533407,2.164266586,31586400,2.182533407,2.236666393,2.113466811,377.4243979,10.40200005,21.17799988,76.83600006,18.91199989,1525.2,0.1361538462,0.0389925,1.97133317
91,2.08893342,2.133333588,21049800,2.08893342,2.153466749,2.063600206,462.8859005,9.820000267,19.72399979,78.25600128,18.52199974,1616.2,0.07731282051,0.1361538462,2.182533407
92,2.083000004,2.071333468,13902000,2.083000004,2.128499746,2.052666545,376.1319325,9.467499971,20.21749973,79.4224987,18.40250015,1490,0.3923864865,0.07731282051,2.08893342
93,2.245466375,2.2,28877100,2.245466375,2.297200012,2.146266842,277.4816813,9.276000214,19.6,76.21000214,17.96600037,1728.8,0.1564853659,0.3923864865,2.083000004
94,1.991599774,2.047999978,28680300,1.991599774,2.060933447,1.971733379,288.1906161,9.074000168,19.11800003,73.79200134,18.10199966,1407.8,0.01932307692,0.1564853659,2.245466375
95,1.791866589,1.850399804,23241600,1.791866589,1.874800181,1.771333218,231.0643452,9.078000069,19.58199997,77.35599976,18.85399971,1271,0.3139304348,0.01932307692,1.991599774
96,1.959466791,1.933999991,19812900,1.959466791,1.993866611,1.907733393,357.9525281,9.300000191,20.36800003,81.28600006,19.76199989,1544.2,0.212,0.3139304348,1.791866589
97,2.004000044,1.995333171,10098300,2.004000044,2.043600035,1.955333638,464.8457548,9.509999847,20.83199959,81.28399811,19.7340004,1883,0.2838770833,0.212,1.959466791
98,1.968133616,1.976266599,17363700,1.968133616,2.011066818,1.936533427,331.7721991,9.469999886,21.41999969,82.09799957,19.60800056,1807,0.2719825,0.2838770833,2.004000044
99,1.891333282,1.903666496,10453500,1.891333282,1.920166761,1.870333254,99.02508058,9.345000029,21.26749992,79.89500237,18.83999968,1366.75,0.2749921053,0.2719825,1.968133616
100,1.884666562,1.88546679,16314900,1.884666562,1.927466607,1.851999998,78.80589656,10.10599995,22.97999992,81.41000061,18.94600029,1498.6,0.0759625,0.2749921053,1.891333282
101,2.082933187,2.082133436,25496400,2.082933187,2.114266586,2.046133351,388.7344851,10.47399998,24.3079998,82.02600098,18.42199974,1698.8,0.2844820513,0.0759625,1.884666562
102,1.915066576,1.897866583,43834500,1.915066576,1.964533377,1.874933219,517.6898926,10.06000004,23.44000015,79.68200073,17.06599998,2803.2,0.2127,0.2844820513,2.082933187
103,1.95400002,1.976400018,15438300,1.95400002,1.995200181,1.927599788,233.5048921,9.98599987,24.12199974,77.53799896,16.90600014,2004.2,0.1415688889,0.2127,1.915066576
104,1.893066597,1.915066624,12073500,1.893066597,1.932666636,1.874933004,108.1964528,10.07800007,24.45400009,75.48399811,16.82999992,2567.4,0.2447909091,0.1415688889,1.95400002
105,1.873466611,1.876399994,10157700,1.873466611,1.894933605,1.83440001,113.7641283,10.29800014,24.92400017,78.12400055,17.42000008,1767.6,0.2224170732,0.2447909091,1.893066597
106,1.829333305,1.863332987,10357500,1.829333305,1.869332989,1.815999985,207.8706102,10.30666669,23.53333346,77.72666677,17.29000028,1613,0.1037755556,0.2224170732,1.873466611
107,2.031466818,1.985733438,24425400,2.031466818,2.051600003,1.957866573,311.3979399,11.23000011,25.65200043,79.62400055,16.97200012,2040.8,0.1980166667,0.1037755556,1.829333305
108,2.069333172,2.072533369,12817500,2.069333172,2.105466604,2.032400036,581.05037,10.82800007,24.63400002,78.1780014,17.2720005,4101.6,0.321248,0.1980166667,2.031466818
109,2.1753335,2.167999983,13906500,2.1753335,2.21083349,2.129000008,636.5955696,10.92500019,24.83500004,84.05500031,18.80000019,2325,0.1943254902,0.321248,2.069333172
110,2.202133226,2.177333212,16366500,2.202133226,2.233733177,2.145733166,495.3703832,11.28799992,25.49799995,85.93400116,19.27599983,2982.2,0.31997,0.1943254902,2.1753335
111,2.270666647,2.265466833,16005900,2.270666647,2.310399818,2.23973341,423.9231654,11.35,25.13600006,85.64199982,18.97999992,2036.6,0.2921586957,0.31997,2.202133226
112,2.298133421,2.301600027,22906800,2.298133421,2.34000001,2.259999752,401.725314,11.34400024,25.13200035,86.24399872,18.76799965,1850.6,0.2557763636,0.2921586957,2.270666647
113,2.288666427,2.280667007,15330750,2.288666427,2.309500039,2.261666715,160.0696944,11.93999982,27.375,91.33249855,18.86500025,1668.5,0.3394061224,0.2557763636,2.298133421
114,2.268999994,2.247999787,10368375,2.268999994,2.283000052,2.228833258,125.6256165,12.94499993,28.44249964,93.46249962,19.00500011,1986.5,0.3185219512,0.3394061224,2.288666427
115,2.261199808,2.293066549,12061500,2.261199808,2.297066593,2.236133194,302.0016962,13.53000011,29.86000023,95.86399994,19.47600021,2216,0.2345853659,0.3185219512,2.268999994
116,2.268799829,2.252533197,26757900,2.268799829,2.286533213,2.232000017,461.5466804,14.16800003,29.80200005,96.10800018,19.85200043,2310.6,0.2914853659,0.2345853659,2.261199808
117,2.419333279,2.376333475,25285125,2.419333279,2.45083344,2.364333212,620.0277915,13.9000001,28.76249981,95.27999878,19.27000046,2101.5,0.304102381,0.2914853659,2.268799829
118,2.524133205,2.518000031,19148100,2.524133205,2.553600216,2.479599762,416.0180599,13.16400013,28.29600029,95.89599915,20.26200027,2174,0.1390472222,0.304102381,2.419333279
119,2.592533159,2.570666647,26418300,2.592533159,2.624933386,2.548933458,244.2336824,13.13199997,28.53600006,102.9680008,20.66800041,2241.4,0.2064714286,0.1390472222,2.524133205
120,2.550666451,2.546666801,25036875,2.550666451,2.592499733,2.508666515,150.8456208,13.03999996,27.96500015,102.9924984,20.26250029,4174.5,0.2380631579,0.2064714286,2.592533159
121,2.335733175,2.363066626,57589800,2.335733175,2.412000227,2.302399826,96.71509056,12.42000008,26.83600006,101.3859985,19.9159996,2969.8,0.3243942308,0.2380631579,2.550666451
122,2.437333345,2.406799841,23098800,2.437333345,2.458133411,2.381200027,115.1087441,12.78999996,27.53399963,103.2280014,20.34799995,2515.6,0.2083728814,0.3243942308,2.335733175
123,2.524533606,2.564133167,26931600,2.524533606,2.584933233,2.51053319,329.4053509,13.40200005,28.22399979,103.4740005,20.67199974,2718.8,0.1908463415,0.2083728814,2.437333345
124,2.384133387,2.372799969,16272300,2.384133387,2.421199942,2.359466648,492.0741039,13.26000004,28.43800011,103.5639999,20.17400017,2515,0.2561266667,0.1908463415,2.524533606
125,2.523999989,2.520833254,24907500,2.523999989,2.556000054,2.49150002,299.590677,13.24250007,28.04749966,103.1624985,19.46000004,2541,0.2383536232,0.2561266667,2.384133387
126,2.808666801,2.823733425,53376600,2.808666801,2.876933432,2.753866768,64.68167111,12.71199989,27.71599998,104.3339981,19.51599998,4163,0.1606777778,0.2383536232,2.523999989
127,2.907866812,2.849333191,40739100,2.907866812,2.955200005,2.824399853,120.2149214,13.2539999,29.21800003,111.7519989,20.55000038,2589.6,0.2109792453,0.1606777778,2.808666801
128,3.285733414,3.252533197,50048400,3.285733414,3.355333233,3.197999763,176.6111871,13.08600006,29.53600006,112.3340027,21.15200005,2855.8,0.1967921875,0.2109792453,2.907866812
129,3.566933203,3.609733391,55732800,3.566933203,3.70893364,3.497066593,236.2206796,13.56599998,30.69400024,115.2840012,20.83200035,2625.2,0.2695835616,0.1967921875,3.285733414
130,4.226133347,4.208799791,224445600,4.226133347,4.493333244,3.990266705,496.3385407,14.15999985,31.72400017,118.0459991,20.81399994,5590.8,0.2887681818,0.2695835616,3.566933203
131,5.861733246,5.922799778,351227100,5.861733246,6.15253334,5.527600002,875.0956083,14.53400021,32.13399963,125.6040009,22.38999977,7553.8,0.1523194444,0.2887681818,4.226133347
132,6.061066628,5.911999989,162183000,6.061066628,6.192133427,5.79279995,855.9273767,14.91400013,33.20999985,126.2799988,23.34999962,5379.2,0.1645175926,0.1523194444,5.861733246
133,6.803466606,6.952533436,285710100,6.803466606,7.190000057,6.486400032,483.373686,15.67600002,34.19199905,119.3940002,21.93999977,6300.8,0.1482148148,0.1645175926,6.061066628
134,6.52373333,6.453599739,147209700,6.52373333,6.684533501,6.313866806,227.9421514,15.52799988,34.43199997,117.4960007,21.2,3825.4,0.05676458333,0.1482148148,6.803466606
135,6.783333302,6.752133369,110900100,6.783333302,6.896000099,6.624800014,274.3138572,15.49399986,34.03799973,120.4259995,21.04399986,3233.8,0.09307209302,0.05676458333,6.52373333
136,6.912133217,6.851333141,120103800,6.912133217,7.025199986,6.695199776,435.0473328,15.11599998,32.21999931,118.6339996,20.46000023,4286.6,0.2236305556,0.09307209302,6.783333302
137,7.838833332,7.732166767,129724125,7.838833332,7.986500144,7.577000022,430.2511099,16.26250029,34.22749901,124.3199978,20.83249998,3462.25,0.3446773585,0.2236305556,6.912133217
138,8.304533005,8.261066628,122535600,8.304533005,8.357066917,8.11173315,488.8847236,16.89199982,35.48600006,127.3699982,21.71399994,3858.2,0.3183557692,0.3446773585,7.838833332
139,7.936933422,8.070666695,256835100,7.936933422,8.326399994,7.617466736,1071.058392,16.83800049,36.49800034,130.1100006,22.37799988,5849.4,0.1300301587,0.3183557692,8.304533005
140,8.433599854,8.351066971,117605100,8.433599854,8.544800186,8.219066811,1138.235407,17.07400017,36.77600021,126.0399979,21.98399963,3072,0.2360925926,0.1300301587,7.936933422
141,9.262133408,9.158933258,112201200,9.262133408,9.33813324,9.045866776,399.7382596,17.15800018,36.4,128.3359985,21.45800018,3443.2,0.1817588235,0.2360925926,8.433599854
142,9.848666382,9.978666687,214588200,9.848666382,10.13346653,9.683466721,73.34079282,17.00399971,35.88399963,128.6780014,21.49199982,9568,0.1983340426,0.1817588235,9.262133408
143,9.885866737,9.772400093,115268100,9.885866737,9.984799957,9.669200134,241.9568608,16.27799988,34.63600082,126.2959991,20.72399979,7256.4,0.2694191489,0.1983340426,9.848666382
144,11.10320034,11.02800007,230827500,11.10320034,11.3368,10.81226654,544.2977322,16.20000019,34.21199951,123.5640015,20.24599953,6704.2,0.2095363636,0.2694191489,9.885866737
145,11.27433348,11.36400008,145656750,11.27433348,11.44199967,11.0893333,521.8477132,16.88749981,35.61750031,125.3325005,20.49250031,4423.75,0.1297745455,0.2095363636,11.10320034
146,10.94746647,10.90333328,122118000,10.94746647,11.10706673,10.71920033,305.025503,17.42799988,36.45199966,126.8900009,20.41800003,4014.8,0.1822150943,0.1297745455,11.27433348
147,11.6649332,11.55106678,144318900,11.6649332,11.83533306,11.36413345,649.913692,17.46399994,37.09600067,129.4279968,20.40200005,3917.6,0.2245642857,0.1822150943,10.94746647
148,12.68199997,12.54320011,112392300,12.68199997,12.74653339,12.38546638,720.6822265,17.11400032,36.47600021,129.487999,20.37199974,3819.4,0.1531767857,0.2245642857,11.6649332
149,11.74493351,11.90720005,236369400,11.74493351,12.11359997,11.40826664,224.2352094,16.79400024,34.90800018,126.5739975,19.98400002,5013.6,-0.02582765957,0.1531767857,12.68199997
150,12.11626663,12.0196003,125908800,12.11626663,12.30240021,11.88813305,301.4613807,17.20200005,35.2340004,130.4700012,20.59400024,3505.4,0.1514428571,-0.02582765957,11.74493351
151,11.35266685,11.4920002,163981200,11.35266685,11.75973339,11.02520008,686.4933609,17.59600029,35.43600006,129.5700043,20.53799973,3810.2,0.2899630435,0.1514428571,12.11626663
152,10.78213348,10.88320007,140608800,10.78213348,11.09293346,10.49440002,1207.587986,17.30400009,36.68600006,129.3399963,20.03999977,4063.6,0.3129747967,0.2899630435,11.35266685
153,10.41186657,10.4064003,334265400,10.41186657,10.71733322,10.02493343,900.1172777,16.87999992,36.74599991,128.1419998,17.8920002,4716.8,0.3198787234,0.3129747967,10.78213348
154,8.948400116,9.287599754,218656800,8.948400116,9.344933128,8.807866669,195.2070254,16.99199982,38.18799973,127.614003,18.3920002,4133.4,-0.138225,0.3198787234,10.41186657
155,8.079066658,8.192399979,183008700,8.079066658,8.313999748,7.915200138,210.4862082,16.96600037,37.73199921,125.7,18.34599991,4508.2,0.1962604651,-0.138225,8.948400116
156,8.918333292,8.885333061,211115625,8.918333292,9.141833544,8.66050005,288.6488815,16.82999992,38.67249966,123.9675007,18.0374999,4380.5,0.2975144444,0.1962604651,8.079066658
157,9.443599892,9.335199928,136874700,9.443599892,9.618000031,9.178533363,136.7314647,16.51800003,40.33600006,121.5099976,17.56999969,3932,0.374807377,0.2975144444,8.918333292
158,9.764533043,9.823733521,146714400,9.764533043,10.01746693,9.587333298,118.6915562,15.98600025,41.10599976,119.1559998,17.03000031,3313.2,0.4014640777,0.374807377,9.443599892
159,10.02633333,10.08650017,104687625,10.02633333,10.24516654,9.958500147,231.6908798,15.24249983,41.15750027,120.3624992,16.82000017,2845.5,0.3136086957,0.4014640777,9.764533043
160,10.04216719,10.05400014,73549875,10.04216719,10.21133327,9.909333706,500.3649325,15.41499996,40.5199995,121.1049995,16.73250008,2884.25,0.4339744681,0.3136086957,10.02633333
161,9.776399803,9.909466743,91024500,9.776399803,10.04573364,9.612399673,569.1770643,15.78800011,40.14400024,120.1699997,17.78600006,3371.4,0.3667605505,0.4339744681,10.04216719
162,11.36316681,11.20633316,192622125,11.36316681,11.59033346,11.05433345,198.8825684,16.59000015,38.82999992,119.7375011,18.36749983,3974.25,0.3912773438,0.3667605505,9.776399803
163,11.72440014,11.69386673,108831000,11.72440014,11.98466644,11.41053333,188.3257482,15.79000015,37.03399963,117.8599991,17.87200012,3604.8,0.3711153846,0.3912773438,11.36316681
164,11.86733322,11.96053352,93208800,11.86733322,12.17573299,11.66973324,875.1416817,14.79200001,35.52400055,114.3240005,16.99000053,3584.2,0.3560395062,0.3711153846,11.72440014
165,13.15146656,13.00706673,129124800,13.15146656,13.39160004,12.88786678,1100.32602,15.02399998,35.37200089,116.7660004,17.60599976,3523.2,0.2950361446,0.3560395062,11.86733322
166,13.61516666,13.92649984,192460875,13.61516666,13.98149967,13.50383329,938.6589702,15.26750016,36.38499928,115.7924995,18.08249998,6322.5,0.2806973333,0.2950361446,13.15146656
167,16.21333351,16.10986671,294300900,16.21333351,16.76186676,15.66866627,1074.233979,15.27400017,36.49000015,115.9080002,17.88600006,7269.4,0.2767106195,0.2806973333,13.61516666
168,16.60653305,16.86640053,112748400,16.60653305,16.96453362,16.46066666,881.1680886,15.56000004,37.35400009,114.0839996,17.56399994,4709.6,0.3773254717,0.2767106195,16.21333351
169,15.79026661,15.76639996,109305900,15.79026661,16.1074667,15.45266666,284.2368234,15.28599987,34.56800003,110.1540009,16.9420002,6617.8,0.2067411111,0.3773254717,16.60653305
170,14.89826679,15.30693359,114408900,14.89826679,15.40000019,14.67173328,161.2024136,15.39800014,34.82799911,108.3820007,17.21200027,4953,0.436125,0.2067411111,15.79026661
171,14.57973347,14.51493359,141426600,14.57973347,14.90999985,14.20386639,131.7800234,16.04399967,34.76199951,113.0500015,17.96599998,8879.6,0.2831118519,0.436125,14.89826679
172,13.97173347,14.00066681,114544200,13.97173347,14.34186649,13.64279995,194.1922783,15.82800007,33.49799957,107.3,18.02600021,5295.6,0.3195072993,0.2831118519,14.57973347
173,13.15383339,13.38833332,129342375,13.15383339,13.50016689,12.72716665,349.2384788,15.90249991,33.46500015,107.6674995,17.84250021,4371.5,0.3083281818,0.3195072993,13.97173347
174,13.84959984,13.76773338,104551200,13.84959984,14.1569334,13.42480011,379.951139,16.08199978,34.09799957,107.7479996,17.47600021,5205.2,0.2562871795,0.3083281818,13.15383339
175,14.00080032,13.69293308,74680200,14.00080032,14.11173325,13.5671999,390.8537612,15.96399994,34.61800079,109.0040009,17.32799988,4544.8,0.2878691667,0.2562871795,13.84959984
176,12.49373322,12.52173347,158491800,12.49373322,12.88706665,12.20466652,330.5530753,15.74800014,34.82399979,109.3279999,17.28400002,4884.2,0.2258182796,0.2878691667,14.00080032
177,12.94653378,12.83693333,77793900,12.94653378,13.07720013,12.67840004,77.41751206,15.81000004,33.82799988,108.6899994,17.67400017,4509.4,0.2687700855,0.2258182796,12.49373322
178,13.98899984,13.89399981,69508125,13.98899984,14.11483359,13.71966672,104.9419659,16.25750017,34.15250015,110.2875004,17.98250008,3908,0.2722097087,0.2687700855,12.94653378
179,13.71599998,13.7251997,57254100,13.71599998,13.9149334,13.54519997,338.202791,16.70800018,35.89199982,114.6179993,18.43800049,3971.4,0.258245283,0.2722097087,13.98899984
180,13.62693329,13.65013332,59507700,13.62693329,13.84840012,13.45720005,615.7416367,16.79799995,36.0340004,114.3,18.64600029,5023.4,0.2431230769,0.258245283,13.71599998
181,15.21039982,14.93026695,141565500,15.21039982,15.45786686,14.77906666,453.7783391,16.74000015,36.26200027,116.2420013,19.12000008,12095.4,0.2999704348,0.2431230769,13.62693329
182,15.78813343,15.77906647,88387500,15.78813343,16.05760021,15.59440002,199.8248293,17.17800026,36.69800034,118.0340012,19.02999992,3631.8,0.2904283465,0.2999704348,15.21039982
183,15.00683308,15.30166698,100965000,15.00683308,15.41616678,14.76233315,162.6251092,17.24249983,37.62500095,121.2675018,19.36750031,3820,0.1534430769,0.2904283465,15.78813343
184,14.68039989,14.75106659,75397200,14.68039989,15.00080013,14.4534668,158.436443,17.53199959,37.69200058,118.6860001,19.33399963,5347.2,0.3077495327,0.1534430769,15.00683308
185,14.74893379,14.64866638,51404100,14.74893379,14.90093327,14.55986671,86.07146191,17.77200012,37.15,119.1100006,19.48199997,4045.8,0.3028647541,0.3077495327,14.68039989
186,15.13760014,15.04173355,103408200,15.13760014,15.450667,14.86400032,84.61807854,17.29999962,34.1840004,119.3559998,19.87599983,4393.2,0.2582168,0.3028647541,14.74893379
187,16.3527998,16.16040001,99499800,16.3527998,16.57813339,16.04213314,416.676885,16.95600014,33.40200043,117.6139999,19.18799973,3850.4,0.2118201835,0.2582168,15.13760014
188,17.37306671,17.32719955,88232100,17.37306671,17.53026657,17.12253342,663.5013948,17.3079998,33.84800034,117.3119995,19.39199982,3667.2,0.2275394366,0.2118201835,16.3527998
189,17.14853287,17.10386696,55289400,17.14853287,17.29999962,16.9157341,615.0724673,17.31399994,34.52199936,115.4779984,19.53199997,3770.6,0.2014242105,0.2275394366,17.37306671
190,18.01550007,17.82650042,82985625,18.01550007,18.09349966,17.72900009,902.2537583,17.44750023,34.74749947,114.9650002,19.31249952,3385.25,0.2599695652,0.2014242105,17.14853287
191,18.73493271,18.75559959,100059900,18.73493271,19.01466713,18.41453323,678.3274067,16.89399948,33.76200104,115.9979996,19.51799965,5279.4,0.1258431373,0.2599695652,18.01550007
192,17.58666649,17.81053314,110851200,17.58666649,17.99400024,17.33826675,104.1920629,16.53800011,33.69799957,117.7279999,19.62600021,9572.4,0.2163195652,0.1258431373,18.73493271
193,16.61506691,16.6947998,78755700,16.61506691,16.89800034,16.3855999,65.87290663,16.29400024,33.26999969,118.526001,19.7,4113,0.2415466667,0.2163195652,17.58666649
194,16.46413383,16.4850666,88311600,16.46413383,16.6432003,16.18053265,193.2492422,14.72800007,32.71800041,116.4680008,19.10000038,4521.6,0.2360521739,0.2415466667,16.61506691
195,16.97853336,17.12866669,112510500,16.97853336,17.31013374,16.74360008,414.4273083,14.0920002,31.80400047,115.4539993,18.4840004,6024.2,0.06615454545,0.2360521739,16.46413383
196,15.21413307,15.04093361,107087100,15.21413307,15.47399979,14.81973343,1722.433726,13.91399994,30.06400032,110.9919998,17.82199974,5378.2,0.1093230769,0.06615454545,16.97853336
197,15.54760017,15.57293339,93425700,15.54760017,15.87573357,15.23093357,1521.113211,14.0579998,30.70600014,113.9259995,17.66000023,5561.8,0.09744038462,0.1093230769,15.21413307
198,15.90466671,16.0685339,71808000,15.90466671,16.19853363,15.76253338,2048.759494,13.98399982,30.98199997,119.9960007,18.36400032,4085,0.1388978261,0.09744038462,15.54760017
199,16.4534668,16.32253361,89381400,16.4534668,16.60839958,16.15773296,3212.138357,14.41000004,31.42600021,118.8779999,18.36000061,4505.6,0.2157731707,0.1388978261,15.90466671
200,16.6788002,16.85493317,82468500,16.6788002,16.99439964,16.55066643,1198.280705,15.47399998,32.1980011,120.0039993,18.36399956,4789.6,0.121075,0.2157731707,16.4534668
201,16.4628334,16.43733311,45189000,16.4628334,16.55016661,16.26416683,520.8841606,15.6724999,32.47999954,122.0249977,18.63500023,2179.75,0.06213571429,0.121075,16.6788002
202,15.25813351,15.45666656,89199900,15.25813351,15.56480026,15.1010664,262.378349,15.83800011,33.37199936,127.3700012,18.71600037,1540.8,0.1874323529,0.06213571429,16.4628334
203,13.95533333,13.97480011,107496300,13.95533333,14.28546677,13.69826679,214.24196,15.02799988,31.9079998,125.2059998,18.09199982,2791.2,0.1599536585,0.1874323529,15.25813351
204,14.49253311,14.2592001,93200100,14.49253311,14.58493328,14.08973351,898.4371539,14.96800003,32.50000038,125.6740005,17.54599991,1538.4,0.05371282051,0.1599536585,13.95533333
205,14.96949983,14.92483354,42488250,14.96949983,15.12899971,14.81950021,1099.839605,15.49250007,34.5824995,126.715004,17.62749958,636.25,0.1220404762,0.05371282051,14.49253311
206,14.16333313,14.31519985,68417100,14.16333313,14.43373337,13.92560005,1192.367956,15.03999996,35.21200027,124.7779999,17.08600006,6219.8,0.1580285714,0.1220404762,14.96949983
207,13.12119999,13.03186684,92397600,13.12119999,13.30026665,12.86413326,1132.787655,15.08400002,34.5,126.7860016,16.90599976,4623,0.1396753846,0.1580285714,14.16333313
208,13.19016647,13.01183367,60793875,13.19016647,13.32566619,12.83466649,918.4632587,14.98000002,33.84749985,129.3350029,17.48749971,5074.75,0.2240363636,0.1396753846,13.12119999
209,13.60933342,13.56520004,47160600,13.60933342,13.81960011,13.36359978,636.7556044,14.79000015,33.14799957,130.9820007,17.51399994,6026.2,0.08322222222,0.2240363636,13.19016647
210,14.56986675,14.51693363,55112400,14.56986675,14.78213329,14.34933338,433.738077,15.82999992,35.61200027,130.8500031,17.8340004,4210.2,0.01089444444,0.08322222222,13.60933342
211,13.73000026,13.57299995,133459875,13.73000026,13.82533336,13.38283348,604.4115242,16.25500011,37.63749981,131.8525047,19.19499969,5750.5,0.07323278689,0.01089444444,14.56986675
212,13.92040005,13.91560001,90447300,13.92040005,14.16893349,13.65559978,1089.142083,16.41599998,37.69199982,136.873996,20.50200005,5175,0.2126421053,0.07323278689,13.73000026
213,13.37733307,13.44679985,76006500,13.37733307,13.61119976,13.21746655,874.4320762,16.24400024,37.58000031,135.4119965,20.7579998,4284,0.1701822222,0.2126421053,13.92040005
214,12.72919998,12.75600014,80624700,12.72919998,12.93826637,12.58573341,413.0888945,15.97400036,37.89399948,135.3559998,20.75,4255.4,0.2294147059,0.1701822222,13.37733307
215,13.1316,13.09120007,84265500,13.1316,13.32106647,12.89333305,562.7586874,16.43199959,38.57800064,139.5500031,21.12999992,4800.6,0.1911359375,0.2294147059,12.72919998
216,12.94746666,13.0845335,74234400,12.94746666,13.15946674,12.81360016,529.1213557,16.25999985,37.69599991,143.8320007,20.92799988,4170.4,0.1670590909,0.1911359375,13.1316
217,12.84099984,12.84100008,98577750,12.84099984,13.11733317,12.69933343,390.5812541,16.01999998,36.85000038,139.7574997,20.30749989,4707.25,0.13754375,0.1670590909,12.94746666
218,13.94533348,13.93986664,62865600,13.94533348,14.07213326,13.80720005,283.6575437,15.96000004,36.37000046,139.1440002,20.91400032,4765,0.2038548387,0.13754375,12.84099984
219,13.96813316,13.83693352,53951400,13.96813316,14.08706665,13.72853374,272.2257821,15.86799984,37.03000031,139.8259979,21.27599983,4981.8,0.17376,0.2038548387,13.94533348
220,15.18613338,15.17666645,84101400,15.18613338,15.50546684,14.94453335,271.7724416,15.91000004,35.53199997,140.7480011,21.29000015,4646.4,0.1987785714,0.17376,13.96813316
221,15.56400013,15.42706661,88879500,15.56400013,15.79453354,15.17853336,131.854028,15.59399986,35.07600021,138.9619995,20.61999969,7129.2,0.07603478261,0.1987785714,15.18613338
222,16.27133293,16.1701334,74698200,16.27133293,16.42426643,15.99333305,136.6190234,15.47399998,34.8640007,137.8099976,21.20600014,5810.6,0.1807149254,0.07603478261,15.56400013
223,16.44786644,16.41293335,44930100,16.44786644,16.58480034,16.27853317,183.9183519,15.43200016,35.29400024,139.1259979,21.03800011,4928.8,0.2459578125,0.1807149254,16.27133293
224,16.62119942,16.60839996,50545800,16.62119942,16.77026634,16.45333328,235.2528538,15.26599979,35.97400055,138.2680023,20.84600067,4683,0.1773186047,0.2459578125,16.44786644
225,16.7512001,16.63933334,44655600,16.7512001,16.88280029,16.57133331,176.4153122,14.96199989,35.36999969,135.05,21,4307.8,0.0910875,0.1773186047,16.62119942
226,16.88013344,16.73960037,39450600,16.88013344,17.02546692,16.63693352,241.2166086,15.11599998,35.62799988,135.4219971,20.32199974,5004,0.1080446809,0.0910875,16.7512001
227,17.65239983,17.57733383,48469200,17.65239983,17.79946671,17.37773323,188.5185091,15.29399986,35.69199982,135.373999,20.33799973,3637.2,0.3566,0.1080446809,16.88013344
228,17.99083328,17.96766663,59365875,17.99083328,18.19899988,17.76433325,263.7263051,14.97250009,33.20750046,133.1375008,20.8499999,3899.75,0.1849291667,0.3566,17.65239983
229,17.59506721,17.79333267,67179300,17.59506721,17.91520004,17.4132,418.584075,14.56399994,31.8220005,130.7540009,20.06600037,3201,0.3603365385,0.1849291667,17.99083328
230,17.76386681,17.70413399,40528800,17.76386681,17.85026665,17.46733322,558.8509145,14.69200001,31.22800026,134.402002,19.70599976,3608.2,0.1438033333,0.3603365385,17.59506721
231,17.60346642,17.74373283,56914800,17.60346642,17.97813377,17.43186722,654.6100798,14.4960001,30.85999947,133.2279999,19.70800018,3968.4,0.1672636364,0.1438033333,17.76386681
232,17.64039993,17.6114666,35859900,17.64039993,17.83493309,17.39520073,567.3309087,14.99799995,31.71400032,132.2660034,19.25400047,3482,0.29045,0.1672636364,17.60346642
233,16.07093353,16.04560013,95628000,16.07093353,16.27693329,15.70319977,285.4307332,14.8,31.44800034,129.2559967,19.05200005,4572.2,0.05443958333,0.29045,17.64039993
234,16.75053253,16.94093361,72739800,16.75053253,17.07573395,16.57013321,183.6932576,14.69800014,31.45599976,126.4940018,18.5920002,3928.2,0.1619507463,0.05443958333,16.07093353
235,15.4027998,15.12133312,96124800,15.4027998,15.82000008,14.69346676,3752.222241,13.31999989,28.15200005,117.0139984,17.78799973,4229.2,0.2394333333,0.1619507463,16.75053253
236,16.30506668,16.32280006,68004600,16.30506668,16.6,16.07279968,5641.433965,13.77200012,29.05599976,117.2899994,17.62800026,4743.2,0.1256113636,0.2394333333,15.4027998
237,16.59666634,16.5328331,43458000,16.59666634,16.73950005,16.37349987,5451.997464,13.65999985,29.9124999,119.2250004,18.44499969,4585.25,0.140455102,0.1256113636,16.30506668
238,17.3694664,17.22253342,62459100,17.3694664,17.57826691,17.01826706,2233.625557,14.43000011,30.92600021,120.2899994,19.03400002,4723.4,0.0561254902,0.140455102,16.59666634
239,17.01559944,17.27866669,55280100,17.01559944,17.42613335,16.82680054,605.0172369,13.42599983,29.25599976,116.6080017,18.11599998,5923,0.1842592593,0.0561254902,17.3694664
240,16.09360008,16.1144001,74178300,16.09360008,16.3569334,15.74519997,875.4932087,14.18199997,31.88600006,121.0039993,19.43999977,6502.2,0.130952,0.1842592593,17.01559944
241,14.5828001,14.59066696,63344400,14.5828001,14.83426666,14.31853313,1492.660536,15.02399998,33.15000076,121.8540009,20.02999992,5937.2,0.1067843373,0.130952,16.09360008
242,14.29373322,14.57026653,85860300,14.29373322,14.74213333,14.03773346,2299.338921,15.47999992,34.70199966,124.0860001,20.34800034,5162.2,0.21646875,0.1067843373,14.5828001
243,14.09506664,14.12906666,47649900,14.09506664,14.29080009,13.87120018,1965.850148,15.01600018,35.10400009,124.476001,20.85599976,4936.8,0.1680415385,0.21646875,14.29373322
244,14.90533371,14.81400013,95786700,14.90533371,15.07893333,14.65146675,1271.515421,14.66000004,35.59199905,123.6059998,21.20600014,4791.4,0.1415233333,0.1680415385,14.09506664
245,14.26693325,14.37519989,51709200,14.26693325,14.53533325,14.062533,918.4401345,14.11800003,35.14799957,122.3720001,20.72000008,4124.2,0.10617,0.1415233333,14.90533371
246,14.6517334,14.55,44170500,14.6517334,14.83666668,14.3477335,503.7486316,14.5460001,36.24800034,123.9220001,21.16400032,4969,0.1985861538,0.10617,14.26693325
247,15.51750016,15.515167,42467625,15.51750016,15.71883321,15.30616641,456.7341873,14.42000008,36.13999939,125.1124992,21.24249983,4389,0.24673,0.1985861538,14.6517334
248,15.19760017,15.18786659,40604700,15.19760017,15.38253345,14.9649334,396.7692727,14.02800007,35.78800049,124.4720001,20.50600014,4402,0.16075,0.24673,15.51750016
249,15.17373314,15.04346676,49465800,15.17373314,15.35573349,14.83600006,580.9858986,13.92599983,34.36999969,124.1040009,20.7,3923.6,0.1664540984,0.16075,15.19760017
250,15.37966633,15.4903338,23166375,15.37966633,15.62849998,15.2853334,792.8251633,14.14999986,34.375,125.7875004,20.86999989,4729,0.220192,0.1664540984,15.17373314
251,15.73733377,15.61099982,40201875,15.73733377,15.94633317,15.48549986,634.2646103,14.16750002,34.33749962,123.8725014,21.11750031,3283.75,0.07675652174,0.220192,15.37966633
252,14.35960007,14.56560001,54719100,14.35960007,14.67026691,14.17893353,841.3013682,12.96800003,30.69400024,116.5919983,19.53399963,3035.353026,0.09578113208,0.07675652174,15.73733377
253,13.60333323,13.69833326,75879000,13.60333323,13.96983337,13.19016647,3226.857853,12.07749987,29.93999958,114.7249985,18.81749964,3035.353026,0.1710150943,0.09578113208,14.35960007
254,13.07373333,13.27319965,52711200,13.07373333,13.37839985,12.86106701,5353.931944,12.04800014,29.38399963,114.0259995,18.46800003,3035.353026,0.1835473684,0.1710150943,13.60333323
255,12.26306667,12.33893318,78720900,12.26306667,12.6173336,11.8430666,2140.028096,11.70199986,29.39199982,117.7419998,19.25,3035.353026,0.05421111111,0.1835473684,13.07373333
256,9.885599899,10.09226646,149577900,9.885599899,10.56240005,9.59319973,698.8159235,11.40000019,27.77399979,106.6159988,17.37000008,3035.353026,0.1285818182,0.05421111111,12.26306667
257,10.95333338,10.89633369,68497500,10.95333338,11.21216655,10.63433313,874.7496388,12.12500024,28.91500044,107.2749977,17.17000008,3035.353026,0.09695689655,0.1285818182,9.885599899
258,12.1562664,11.81840019,84767700,12.1562664,12.27546654,11.62093315,1068.689558,12.38400021,29.39599953,105.5220001,17.46400032,3035.353026,0.1519788462,0.09695689655,10.95333338
259,13.02346649,12.8258667,84666300,13.02346649,13.27493305,12.5776001,1838.726454,13.41200008,30.83800011,107.8860016,18.91800003,3035.353026,0.1464894737,0.1519788462,12.1562664
260,14.06520004,13.99160042,56971200,14.06520004,14.23693314,13.74573364,1999.53467,13.22599983,30.97000008,107.7520004,19.26799965,3035.353026,0.2720894737,0.1464894737,13.02346649
261,15.39013329,15.40653305,69201900,15.39013329,15.68773327,15.16866684,1365.885024,13.52400017,31.84199982,107.673999,19.14599991,3035.353026,0.1464152542,0.2720894737,14.06520004
262,15.28416681,15.43216681,74947125,15.28416681,15.66849995,15.03066683,823.6703798,13.28500009,31.15750027,107.7399998,18.78499985,3035.353026,0.06027731959,0.1464152542,15.39013329
263,17.00200043,16.94053307,154048800,17.00200043,17.42106667,16.52826653,598.0354689,12.6920002,29.64600029,99.71199951,17.26199989,3035.353026,0.1617,0.06027731959,15.28416681
264,16.78186646,16.7109333,83205300,16.78186646,17.03640022,16.48573341,212.7735123,12.91200008,30.25999985,102.5820007,18.35600014,3035.353026,0.03301730769,0.1617,17.00200043
265,16.71013374,16.65986633,67177200,16.71013374,16.94986687,16.36039963,349.3266046,13.51799984,32.06199951,105.1599991,18.88599968,3035.353026,0.114641791,0.03301730769,16.78186646
266,16.47306709,16.59053383,54618900,16.47306709,16.7437336,16.25146675,375.1930652,13.73600006,32.06799927,104.1639999,18.29800034,3035.353026,0.1407942529,0.114641791,16.71013374
267,14.22173347,14.5718668,103462500,14.22173347,14.73453369,14.00133324,321.6084187,13.37599983,30.84400024,102.2559998,18.02199974,3035.353026,0.06508920863,0.1407942529,16.47306709
268,13.8534668,13.94093342,53651400,13.8534668,14.14866657,13.73399982,289.3260304,13.23800011,30.75,100.8259995,19.00400009,3035.353026,0.04891204819,0.06508920863,14.22173347
269,14.65480022,14.55826645,72967800,14.65480022,14.78013325,14.43933334,235.6539004,13.31800003,31.02999992,101.1380005,19.28199959,3035.353026,0.09183492063,0.04891204819,13.8534668
270,14.67899966,14.73516655,37625625,14.67899966,14.8166666,14.55850029,357.2730045,13.21249986,30.34000015,103.5150013,19.90750027,3035.353026,0.1786583333,0.09183492063,14.65480022
271,15.15586662,15.15213318,74861400,15.15586662,15.45986691,14.86746616,575.9864309,13.25600014,29.64199982,104.8759995,19.72200012,3035.353026,0.05786734694,0.1786583333,14.67899966
272,14.45240021,14.54080009,48703800,14.45240021,14.77199993,14.3109333,590.6810702,13.04200001,29.00400009,102.0960007,18.92400017,3035.353026,0.1177137931,0.05786734694,15.15586662
273,13.39160023,13.28999996,157902000,13.39160023,13.6,13.12386684,260.1051356,12.8960001,28.90200005,105.5580002,19.03200035,3035.353026,0.03726734694,0.1177137931,14.45240021
274,14.21583343,13.89950013,80299875,14.21583343,14.30099964,13.76699972,866.0187131,12.55999994,28.38249969,100.0824986,18.13249969,3035.353026,-0.2545867347,0.03726734694,13.39160023
275,14.72906666,14.67279987,63765000,14.72906666,14.90400009,14.54040012,889.456414,13.20799999,29.95199966,104.5440002,19.05800018,3035.353026,0.03413928571,-0.2545867347,14.21583343
276,14.9435997,14.92840004,47275800,14.9435997,15.154533,14.75719986,1963.710396,13.70599976,31.28199997,108.9100006,19.70200005,3035.353026,0.1681443478,0.03413928571,14.72906666
277,15.37880001,15.17266655,48898800,15.37880001,15.47719975,15.07240009,1683.031332,13.37999992,31.75200081,110.4419998,19.43800049,3035.353026,0.06683684211,0.1681443478,14.9435997
278,15.24853306,15.30573311,57572100,15.24853306,15.45413342,14.9925333,488.5828248,12.16399975,30.52199974,111.9080002,19.38400002,3035.353026,0.06961728395,0.06683684211,15.37880001
279,15.08546677,15.12853317,31512300,15.08546677,15.26973343,14.99746666,62.8724174,12.27600021,31.30399971,117.4679993,19.67399979,3035.353026,0.03627413793,0.06961728395,15.24853306
280,14.91053352,14.95133343,28481100,14.91053352,15.03946648,14.84946651,74.8590883,12.36200008,31.76199989,119.1240005,19.23600006,3035.353026,0.03509047619,0.03627413793,15.08546677
281,14.53480015,14.78080006,39022200,14.53480015,14.80426655,14.4977335,76.05562403,12.43400021,31.66600037,120.2779999,19.43999977,3035.353026,0.1041981481,0.03509047619,14.91053352
282,13.38483357,13.5976665,82320000,13.38483357,13.73416686,13.2735002,36.82083151,12.57749987,31.99249935,121.1274986,20.11000061,3035.353026,0.02976470588,0.1041981481,14.53480015
283,13.14200001,13.11186657,49179900,13.14200001,13.3362669,12.96679993,209.842353,12.34200001,30.88600006,118.687999,19.98599968,3035.353026,0.004464285714,0.02976470588,13.38483357
284,13.7343998,13.76813354,37894800,13.7343998,13.88853359,13.58853321,431.1919219,12.11000004,31.99799957,117.8880005,19.96399994,3035.353026,0.1051819149,0.004464285714,13.14200001
285,13.67733345,13.75293369,39507900,13.67733345,13.88719978,13.55333347,400.9724397,12.02399998,31.70999985,117.0199982,19.87999992,3035.353026,0.0527915493,0.1051819149,13.7343998
286,13.74906654,13.88133297,58845900,13.74906654,13.9689333,13.61599998,302.0550207,12.29200001,32.35199966,115.9980011,19.49600029,3035.353026,0.1148285714,0.0527915493,13.67733345
287,13.23093338,13.34680004,46853100,13.23093338,13.42399998,13.12106686,165.6736665,11.92999992,31.70200005,115.1360001,18.98400002,3035.353026,0.05072698413,0.1148285714,13.74906654
288,13.43799973,13.39146652,60612300,13.43799973,13.5982666,13.25293369,174.6321021,12.00800018,32.04400024,115.3999985,19.55400009,3035.353026,0.0975816092,0.05072698413,13.23093338
289,13.07360001,13.41226673,100138500,13.07360001,13.50279999,12.97213306,135.420565,11.64199982,31.43600006,114.6860001,20.02800026,3035.353026,0.1369885417,0.0975816092,13.43799973
290,12.72160015,12.72413349,81621300,12.72160015,12.91800022,12.42186661,343.1331406,11.58399982,31.71999969,111.9039993,19.52799988,3035.353026,0.2706098361,0.1369885417,13.07360001
291,12.30440025,12.36760006,71958000,12.30440025,12.5586668,12.11413326,644.5479232,11.9460001,33.27199936,112.823999,18.64600029,3035.353026,0.1632492958,0.2706098361,12.72160015
292,12.75800014,12.58549976,64584000,12.75800014,12.88733339,12.51266646,1127.869313,11.90499997,33.73250008,115.1500015,18.80249977,3035.353026,0.1066208333,0.1632492958,12.30440025
293,12.51253319,12.70893307,65052900,12.51253319,12.8184,12.43400002,1483.614992,12.09400005,34.99799957,117.8160004,18.93399963,3035.353026,0.1112857143,0.1066208333,12.75800014
294,12.74533348,12.63186665,51627000,12.74533348,12.80986671,12.52279987,456.4809496,12.92800007,36.50999908,121.3979996,19.42000008,3035.353026,0.1580555556,0.1112857143,12.51253319
295,13.47040005,13.34359989,58033800,13.47040005,13.5970665,13.25453339,792.9146762,12.63599987,36.3140007,121.5099991,19.84199982,3035.353026,0.05671785714,0.1580555556,12.74533348
296,14.35099983,14.2105,65549250,14.35099983,14.4914999,14.09716678,836.7704266,12.375,35.51749992,119.8425007,20.5,3035.353026,0.145384507,0.05671785714,13.47040005
297,14.74033332,14.53883362,103841625,14.74033332,14.88849998,14.31500006,394.674284,12.6650002,35.86750031,119.3450012,20.3574996,3035.353026,0.04194861111,0.145384507,14.35099983
298,15.44293346,15.32133331,63520500,15.44293346,15.49933338,15.15653343,85.99244244,12.67400017,37.23199921,119.7720001,20.20600014,3035.353026,0.1515863636,0.04194861111,14.74033332
299,16.04049993,16.10100007,76211625,16.04049993,16.2391665,15.8951664,89.2634912,12.45249987,37.27250004,118.8575001,20.17500019,3035.353026,0.1636946667,0.1515863636,15.44293346
300,16.84613342,16.78440018,68068200,16.84613342,16.97186699,16.61626701,122.4677525,12.51399994,37.29199982,118.1320007,20.07599983,3035.353026,0.2522388889,0.1636946667,16.04049993
301,16.82426682,16.71386681,48971700,16.82426682,16.95346642,16.59693298,117.4271425,12.40799999,36.32800064,114.7940002,19.92199974,1488.94121,0.09135892857,0.2522388889,16.84613342
302,18.16120033,17.90880013,89243100,18.16120033,18.31559982,17.83440018,178.1350974,12.4960001,35.63000031,113.3359985,19.90600014,2364.6,0.1312086207,0.09135892857,16.82426682
303,18.20133305,18.3193326,104122875,18.20133305,18.62900066,17.98766613,614.7509681,12.61999989,37.47500038,113.9375,19.76250029,5509,0.09033218391,0.1312086207,18.16120033
304,16.71626663,16.65213318,101615400,16.71626663,16.87653313,16.4465332,1076.138514,12.60199986,37.24000015,113.8579987,19.74599991,3336.4,0.08573333333,0.09033218391,18.20133305
305,16.47013359,16.54226646,52457400,16.47013359,16.6776001,16.36200066,789.7343451,12.50799999,37.27200089,112.4420029,20.0920002,3014,0.07806785714,0.08573333333,16.71626663
306,17.1126667,16.99106674,88744500,17.1126667,17.29400024,16.84439964,201.3996487,12.58399982,36.86600037,112.8359985,20.0579998,2968,0.1344653333,0.07806785714,16.47013359
307,17.14066658,17.14773293,70649100,17.14066658,17.41306686,16.90506706,120.6323678,11.81200008,34.69399948,111.2180008,20.03800011,2973.6,0.1250820225,0.1344653333,17.1126667
308,18.79426689,18.65373344,98986200,18.79426689,18.94613266,18.51533318,202.8443105,11.61800003,35.20800018,109.9720001,19.64999962,4377.2,0.08572828283,0.1250820225,17.14066658
309,20.23120041,20.25266647,94110600,20.23120041,20.48946648,19.99546661,157.2626785,11.25799999,33.95199966,105.9860016,18.33999977,5273.6,0.1566440678,0.08572828283,18.79426689
310,20.18683338,20.02600002,76338750,20.18683338,20.31416655,19.89983368,107.9612386,11.17999983,33.69250011,105.0600014,18.62249994,4028.25,-0.009257142857,0.1566440678,20.23120041
311,20.61626625,20.5770668,73483800,20.61626625,20.78026657,20.38400002,128.9189185,11.46400013,34.1140007,108.3220016,19.10599976,4051.8,0.03489701493,-0.009257142857,20.18683338
312,20.75399971,20.82653351,131025300,20.75399971,21.2368,20.39173355,352.9250517,11.11000004,33.56000061,109.0960022,19.22000008,4185.6,0.04615267857,0.03489701493,20.61626625
313,21.35440025,21.20960007,93900000,21.35440025,21.52373314,20.98893356,511.1899301,11.05200005,34.03799973,107.5519989,19.07600021,3885.8,0.04825684211,0.04615267857,20.75399971
314,20.8385334,20.97146645,86483400,20.8385334,21.13773308,20.64906654,302.3115957,10.85999985,32.96999969,106.6899994,19.54000015,3505.8,0.1377180328,0.04825684211,21.35440025
315,20.93416691,20.75449991,83129625,20.93416691,21.06983328,20.55000019,134.8248472,10.95000005,33.02250004,107.4500008,19.36250019,3254.75,0.1244879518,0.1377180328,20.8385334
316,22.95200005,22.72879982,123098400,22.95200005,23.18106689,22.43413315,281.9467246,11.25,34.34000015,108.1740021,19.4579998,3591.8,0.07106326531,0.1244879518,20.93416691
317,24.57253342,24.59826622,184400700,24.57253342,24.98026657,24.11413345,514.4914035,11.20000019,34.45,106.4159988,19.57599983,3162,0.02352727273,0.07106326531,22.95200005
318,24.96599998,25.0932003,99516000,24.96599998,25.27440033,24.6562664,242.9440773,11.15,34.27200012,104.6939987,19.23400002,3024,0.04585742574,0.02352727273,24.57253342
319,24.44613304,24.854533,101917500,24.44613304,24.97146645,24.15146637,64.28406899,11.14200001,34.62000046,104.837999,19.61599998,2654,0.09047659574,0.04585742574,24.96599998
320,21.69599962,22.47000027,213200625,21.69599962,22.60633278,21.52516651,63.14110659,11.32500029,35.09749889,107.6199989,20.15500021,4568.75,0.09496976744,0.09047659574,24.44613304
321,21.65306664,21.50133362,149838300,21.65306664,21.84453316,21.10826683,91.05827175,11.49400024,35.65999985,109.2679993,20.21400032,3880.8,0.2136913043,0.09496976744,21.69599962
322,22.05786705,21.76440048,94306800,22.05786705,22.20880013,21.58520012,257.0839936,11.61999989,36.24000015,109.6519989,20.36199989,3105.2,0.2050155172,0.2136913043,21.65306664
323,22.08559952,22.42333336,104525400,22.08559952,22.64720001,21.78786621,478.6235226,11.11600018,35.61399918,112.3419983,20.16800003,4230.2,0.06325796178,0.2050155172,22.05786705
324,23.83893318,23.57613335,130410900,23.83893318,24.07106705,23.40733376,257.7098962,10.92200012,35.20199966,113.5639999,19.80200005,4178,0.0822512605,0.06325796178,22.08559952
325,23.98439941,24.14680023,61234800,23.98439941,24.32279968,23.86266632,114.8381785,10.7920002,35.33800049,112.4539993,19.89199982,2947.4,0.1368902439,0.0822512605,23.83893318
326,23.10613327,23.10266647,71521800,23.10613327,23.38533325,22.72746658,324.9028706,10.69199982,35.36399994,112.7,19.99799995,2998.2,0.1201955556,0.1368902439,23.98439941
327,23.43333359,23.28133316,55118700,23.43333359,23.54533348,23.09306641,320.2851606,10.98999996,36.15,112.5300003,19.92599983,2711,0.07020731707,0.1201955556,23.10613327
328,23.13549995,23.30449963,57859500,23.13549995,23.4788332,22.88666677,253.2726177,11.40499973,37.20249939,114.1500015,20.1624999,3154,0.01632272727,0.07020731707,23.43333359
329,24.95240021,24.63200035,89907300,24.95240021,25.12533302,24.44000015,413.5637683,11.60400009,38.47200012,117.1059998,20.49799995,3530.4,-0.01344266667,0.01632272727,23.13549995
330,23.7562664,24.24626656,97376700,23.7562664,24.44920006,23.60320053,510.0306505,11.82800007,39.59199905,120.6700012,20.72400017,3630.6,0.07828604651,-0.01344266667,24.95240021
331,23.00506668,22.81880035,102091800,23.00506668,23.17733383,22.5385334,317.1436187,12.13200016,42.06800079,119.8779984,19.52199974,4058.8,0.03950121951,0.07828604651,23.7562664
332,23.54253311,23.41853371,82072500,23.54253311,23.79813347,23.25653343,381.9976948,12.30800018,45.16600037,122.8740005,19.25799942,4030.4,0.2220736364,0.03950121951,23.00506668
333,23.50546684,23.58519974,70800300,23.50546684,23.80533333,23.25199966,497.9300673,12.18199997,45.37199936,123.5539993,19.23199997,3896.2,0.06614615385,0.2220736364,23.54253311
334,21.9632,22.30546646,92508900,21.9632,22.46759987,21.8110672,340.4112269,12.12000008,45.32799988,123.4139984,19.26599998,4112.4,0.01543518519,0.06614615385,23.50546684
335,21.04053307,20.95053368,141208200,21.04053307,21.37706642,20.60600014,126.3044987,12.30000019,42.88399963,124.75,19.49799995,3938,0.07236377953,0.01543518519,21.9632
336,20.42426682,20.15533409,83031000,20.42426682,20.57346649,19.98119965,154.8174794,12.08600006,42.43000031,126.2119995,19.23599968,3785.8,0.07874126984,0.07236377953,21.04053307
337,20.87199898,20.93759995,123134700,20.87199898,21.21373329,20.52546692,107.0743623,12.06000004,44.03800049,124.2780014,19.01199989,7518,0.03081631206,0.07874126984,20.42426682
338,20.95749998,21.01166677,80688375,20.95749998,21.19583321,20.59433365,107.6362981,12.24500012,44.3399992,126.3850021,19.34000015,5503.5,0.06704588235,0.03081631206,20.87199898
339,20.53240013,20.34719963,80251200,20.53240013,20.78146667,20.23613358,504.0841664,12.51000004,42.56200027,123.6639999,19.22799988,4571,0.06623563218,0.06704588235,20.95749998
340,22.53746643,22.25413322,106877400,22.53746643,22.74679985,22.03920021,796.3641647,12.57000008,41.27200012,124.487999,19.4,3846.2,0.07007608696,0.06623563218,20.53240013
341,22.07746658,22.35933342,80568000,22.07746658,22.47973328,21.9326664,718.2679412,12.65599995,42.26800079,127.712001,19.60800018,3069.8,0.09169425287,0.07007608696,22.53746643
342,20.92733288,21.1293335,64440000,20.92733288,21.23083353,20.78116703,465.2191714,12.54250002,41.37000084,127.9125004,19.88500023,2866.75,0.1627086957,0.09169425287,22.07746658
343,21.4052002,21.0465332,99811800,21.4052002,21.60226669,20.79640007,475.9946648,12.94999981,43.39799957,131.8580017,20.27000008,3388.6,0.01426216216,0.1627086957,20.92733288
344,22.48383379,22.39349985,83455500,22.48383379,22.78700018,22.1954999,1029.915628,13.12999988,43.86249924,137.1199989,20.6875,3394.75,0.2331291667,0.01426216216,21.4052002
345,23.26439972,23.3953331,82612200,23.26439972,23.67960014,23.06746674,2160.844972,12.02000008,43.56800079,139.2380005,21.07399979,3961.8,0.05826081081,0.2331291667,22.48383379
346,23.22346649,23,73248000,23.22346649,23.45293312,22.79973335,2672.227091,11.14400005,42.81000061,139.0859985,21.68400002,3916.2,0.08609782609,0.05826081081,23.26439972
347,21.83666725,22.20546684,119310000,21.83666725,22.61720009,21.35360031,3115.537666,10.54400005,41.2,135.7139984,20.90999985,10527.2,0.08982269504,0.08609782609,23.22346649
348,21.75013351,21.45320015,78882600,21.75013351,21.94240036,21.21760025,7560.479476,10.67999992,41.63000031,136.1499969,21.00600014,6411.8,0.08811866667,0.08982269504,21.83666725
349,22.77149963,22.56433392,75060750,22.77149963,23.04933357,22.44199991,7219.07432,10.6400001,40.78750038,135.7275009,20.84749985,4664.25,0.1381957143,0.08811866667,21.75013351
350,22.57933311,22.84266701,80007900,22.57933311,23.15826645,22.32746696,3587.201924,10.49799976,38.49599991,132.5179993,20.92200012,4046,0.084752,0.1381957143,22.77149963
351,22.34560013,21.86159973,84930300,22.34560013,22.51613312,21.64506645,1752.005208,10.71199989,37.85200043,129.8839996,21.17600021,4162,0.157771,0.084752,22.57933311
352,21.16786613,21.25240021,92667300,21.16786613,21.59586678,20.91720009,873.0053391,11.06399994,37.45399933,129.3339996,21.13000031,4027.6,0.03961860465,0.157771,22.34560013
353,18.78413353,19.24879951,195222600,18.78413353,19.50333328,18.25733337,2287.50583,10.83199997,35.56800003,127.9179962,20.92799988,5096.2,-0.00952484472,0.03961860465,21.16786613
354,18.82626648,18.25600014,262489500,18.82626648,19.1678669,17.7970665,4122.546708,11.17399998,37.28199921,127.0940018,20.71800003,4993.8,-0.08703352273,-0.00952484472,18.78413353
355,19.86280022,20.08000031,130975500,19.86280022,20.44639969,19.62946663,3472.381109,11.34400005,38.69200058,127.8799988,20.91599998,4083.6,-0.1041644928,-0.08703352273,18.82626648
356,19.50093307,19.5359993,94844100,19.50093307,19.90746689,19.17306671,1527.7155,11.17399998,38.54000015,128.9900024,21.14000015,4151.8,0.149139604,-0.1041644928,19.86280022
357,19.16813316,19.01639977,67943100,19.16813316,19.34986687,18.78053322,1107.226846,11.24599991,37.73600082,130.8339996,21.14199982,3606,0.09544660194,0.149139604,19.50093307
358,19.79240036,19.4487999,148500300,19.79240036,20.07280006,19.28933296,626.1810598,11.27600002,36.34600067,130.8039978,20.47599983,5186.6,-0.0002405405405,0.09544660194,19.16813316
359,19.58280029,19.83146667,98433600,19.58280029,20.03439941,19.42493362,771.5076899,11.23999996,37.12999954,137.6340027,20.38600006,3970.4,-0.007995477387,-0.0002405405405,19.79240036
360,18.57653313,18.79866638,106626300,18.57653313,19.00213394,18.36813316,1189.163678,11.48400002,38.07999954,135.1,20.59600029,3733.2,0.1243429825,-0.007995477387,19.58280029
361,19.20050001,18.91449976,91876500,19.20050001,19.39716673,18.74199963,1004.543582,11.5625,40.27750111,128.3024998,19.96749973,3309.25,0.1319730964,0.1243429825,18.57653313
362,20.5482666,20.36920013,156332400,20.5482666,20.97933311,20.11333313,368.0422775,11.93400002,43.87599945,135.3140015,19.98800011,3424.8,0.08212280702,0.1319730964,19.20050001
363,23.14053307,22.87186661,200490000,23.14053307,23.47000046,22.6420002,675.6402336,11.98600006,44.19199982,135.6720001,19.97999992,3552.4,0.1479851648,0.08212280702,20.5482666
364,23.05226669,23.55813332,138930300,23.05226669,23.88413353,22.72026634,781.3108038,11.72399998,41.43799973,132.55,19.52399979,2960.6,0.08488640777,0.1479851648,23.14053307
365,22.44413338,23.18413315,162799500,22.44413338,23.45253334,22.23413315,662.0994927,11.17199993,39.75200043,128.0679993,19.20999985,2866.8,0.04121915888,0.08488640777,23.05226669
366,21.03999939,20.94746666,144882900,21.03999939,21.26133347,20.53986664,799.1805681,11.12600002,39.55400009,129.3320007,18.59799995,3411,0.1361761905,0.04121915888,22.44413338
367,21.27653313,21.03240051,96672600,21.27653313,21.44693298,20.72346687,1067.718541,10.87599983,39.62600021,130.8659973,18.31399994,3716.2,0.1852492958,0.1361761905,21.03999939
368,20.17599983,20.20133362,113978700,20.17599983,20.54973335,19.71853294,1609.623393,10.27600021,38.13600006,132.8620026,18.59199982,3015.8,0.1508071942,0.1852492958,21.27653313
369,21.15813332,20.83186646,176675700,21.15813332,21.36546707,20.45186653,894.5492825,9.993999863,37.41399918,132.1600006,18.81200027,3487,0.1655706731,0.1508071942,20.17599983
370,23.99786682,23.705867,278241300,23.99786682,24.69453316,23.19760056,373.9353849,9.961999893,37.38799973,126.7479996,18.81800003,4955.6,0.04151940789,0.1655706731,21.15813332
371,21.80960007,22.07293396,175537800,21.80960007,22.41653328,21.39720001,320.2223599,9.546000099,36.31600037,122.9219986,18.72199974,4704.6,0.032823,0.04151940789,23.99786682
372,21.2758667,21.29493294,106272900,21.2758667,21.55159988,20.96226692,349.2532213,9.8,36.55199966,124.2759995,18.88199959,3587.6,0.07523507853,0.032823,21.80960007
373,19.57499933,19.77083302,107486625,19.57499933,19.91466713,19.35833359,675.0678699,9.534999847,35.82499981,122.9550018,18.69749975,3245.75,-0.005368907563,0.07523507853,21.2758667
374,18.77573318,18.43053284,186903300,18.77573318,18.9850666,18.14173393,679.0358008,9.334000206,33.97200012,120.0540009,18.57600021,6487.2,0.041634,-0.005368907563,19.57499933
375,19.68333359,19.57999992,132389700,19.68333359,20.13426704,19.10440025,274.2150811,9.71400013,35.45,124.5,19.39400024,4531.8,0.08989707317,0.041634,18.77573318
376,19.76719971,19.78066635,177980100,19.76719971,20.19266701,19.4487999,252.5473518,9.346000099,33.87399902,124.5959991,19.02600021,4401.6,-0.02617675676,0.08989707317,19.68333359
377,19.33733368,19.88866653,207824400,19.33733368,20.02346687,19.05919952,291.1216906,9.183999825,33.97399979,123.3819992,18.34400024,5584.4,-0.003078801843,-0.02617675676,19.76719971
378,17.20373344,17.29933319,139335000,17.20373344,17.59733315,16.75533333,1376.833724,8.806000137,32.29400024,117.3679993,17.87400017,3966.6,0.1913705036,-0.003078801843,19.33733368
379,18.01040001,17.91506729,144240900,18.01040001,18.44199982,17.29319954,4567.011856,8.554000092,31.53400002,117.1580002,17.78600006,3771.2,0.1141541667,0.1913705036,17.20373344
380,21.97106705,21.65159988,238509600,21.97106705,22.50613289,21.14026642,6954.586249,9.251999855,33.58200073,116.512001,17.85599976,4353.8,0.1760517483,0.1141541667,18.01040001
381,23.04573326,22.86866722,110601300,23.04573326,23.34293365,22.61839981,3356.994026,9.502000046,36.43799973,117.0100006,18.07599983,3681,0.1638765625,0.1760517483,21.97106705
382,22.89013329,22.82333336,87786900,22.89013329,23.27826653,22.45133362,2361.319325,9.386000061,35.62999954,116.3039993,17.93600006,3359.2,0.177218,0.1638765625,23.04573326
383,22.74966669,23.07400036,99761250,22.74966669,23.45250034,22.48966694,2135.239974,9.137500048,35.5625,118.3474998,16.9375,3034,0.1817918605,0.177218,22.89013329
384,23.05920029,22.66493378,81563400,23.05920029,23.20746689,22.40693359,2454.415666,9.373999786,37.2,121.4220001,17.29199982,3944.4,0.1184046154,0.1817918605,22.74966669
385,24.09800005,24.01766682,129109125,24.09800005,24.69216681,23.55883312,2589.801979,8.885000229,35.3324995,120.9050007,17.04999971,3932.25,0.09009117647,0.1184046154,23.05920029
386,23.92733345,24.3614666,100513500,23.92733345,24.59293327,23.65080032,2455.426812,8.526000214,35.09000015,120.4660004,16.39799995,3405.2,0.1610506024,0.09009117647,24.09800005
387,20.94383335,20.96583319,115543875,20.94383335,21.58716679,20.22666645,8458.877299,7.94750011,33.28499985,114.4849987,15.79500008,2466.75,0.2575059322,0.1610506024,23.92733345
388,21.28583336,21.23316717,130744125,21.28583336,21.66633368,20.66416645,13119.8403,7.785000086,33.31499958,115.8374996,15.99999976,2793,0.1256772358,0.2575059322,20.94383335
389,22.68093338,22.34226646,93264300,22.68093338,22.90733299,21.95733299,6400.483551,8.573999977,35.25200043,123.2139984,16.58800049,3511.8,0.05117142857,0.1256772358,21.28583336
390,22.32599983,22.5515995,131469300,22.32599983,22.95906601,22.07839966,4675.527459,8.611999893,37.94999924,125.5199997,16.70599976,3497.8,0.003548672566,0.05117142857,22.68093338
391,19.58433342,19.579,149469375,19.58433342,19.91166639,19.10033369,5713.575664,8.575000048,38.15499973,123.1550007,16.71749973,3101.5,0.1343106195,0.003548672566,22.32599983
392,20.51133347,20.20160065,129230100,20.51133347,20.67360001,19.86226654,3135.363668,8.738000107,38.85800018,122.6759995,16.92399979,3370.4,0.1412464088,0.1343106195,19.58433342
393,20.7357338,20.90026665,90151800,20.7357338,21.10906677,20.4965332,2128.013385,8.442000198,38.9840004,118.6800003,16.64599991,3239,0.1814096296,0.1412464088,20.51133347
394,20.33083344,20.31416607,76560750,20.33083344,20.54349947,20.15616703,1842.98016,8.682499886,39.36499977,121.1700001,17.02250051,3084.5,0.1777823529,0.1814096296,20.7357338
395,20.34613304,20.07093353,127962600,20.34613304,20.50279961,19.85639992,1793.077331,8.780000114,39.94400024,122.1640015,17.21600037,3426.2,0.01635027624,0.1777823529,20.33083344
396,18.65160027,18.83133278,193377300,18.65160027,19.13066597,18.36546669,1006.223711,8.612000084,38.64599991,117.9220001,16.67399979,4134.8,0.08971146789,0.01635027624,20.34613304
397,19.04840012,19.0649334,130890000,19.04840012,19.33933334,18.75933342,474.6064694,8.509999847,38.42799911,118.773999,16.77200012,4321,0.01846510417,0.08971146789,18.65160027
398,17.98813286,18.11159973,131047500,17.98813286,18.34093323,17.72679977,506.4166393,8.601999855,37.40799942,119.9140015,17.07599983,3892.2,0.1158726496,0.01846510417,19.04840012
399,18.53680038,18.28893356,111017700,18.53680038,18.60426674,18.17986717,716.5311149,8.781999969,37.07999954,119.9539978,16.71399994,3226.2,0.1889454545,0.1158726496,17.98813286
400,18.40079994,18.245467,182978400,18.40079994,18.66173325,18.05226707,1061.335175,9.226000023,38.80800018,121.9979996,16.82999992,3544.8,0.04292560976,0.1889454545,18.53680038
401,17.96120033,17.96866722,117059700,17.96120033,18.14826584,17.6576004,1188.07563,9.405999947,39.65200043,122.2480011,16.71200027,3100.6,0.1714369565,0.04292560976,18.40079994
402,17.21566629,17.46666622,208754625,17.21566629,17.65999985,17.03833342,1245.250911,9.492499828,39.54000092,123.7925014,16.36749983,4331,0.04384320557,0.1714369565,17.96120033
403,16.17733345,16.08199997,236248800,16.17733345,16.4257328,15.75840015,510.8930391,10.36399994,38.95199966,123.3139984,16.02000027,3404.8,0.06631785714,0.04384320557,17.21566629
404,16.38320007,16.47346668,122584200,16.38320007,16.69106674,16.14346695,431.1605835,10.33400002,38.05999985,121.1660004,15.73800011,3258.8,0.1539888889,0.06631785714,16.17733345
405,15.07506676,15.22773304,151959600,15.07506676,15.36866665,14.84226704,1132.472505,10.27399979,37.07000046,119.2540009,14.54799995,3102.8,0.1686769784,0.1539888889,16.38320007
406,13.06550026,13.18383312,290148000,13.06550026,13.51316667,12.71316648,1703.203279,9.972500086,35.73250008,117.897501,13.60000014,3681.25,0.09964868421,0.1686769784,15.07506676
407,12.47746658,12.36746655,171521100,12.47746658,12.73639984,12.17013321,1969.388965,9.7,34.47600021,118.9100006,13.86599998,2967.6,0.165753719,0.09964868421,13.06550026
408,13.99586678,14.15706654,221045100,13.99586678,14.44080029,13.82413311,1518.971786,9.820000076,35.71199951,123.5699997,13.97800007,2612.6,0.2358934783,0.165753719,12.47746658
409,14.80986652,14.71413307,152713800,14.80986652,15.10746651,14.46186657,2194.511057,10.04200001,36.44799957,124.9880005,13.98199997,2827.6,0.1450938931,0.2358934783,13.99586678
410,14.78626671,14.77840004,100893600,14.78626671,15.02000008,14.62346668,3759.158732,10.02599983,37.92399979,123.9339996,14.23199978,2876.8,0.1338811024,0.1450938931,14.80986652
411,15.32866669,15.55099964,145272000,15.32866669,15.65450025,15.23016667,1836.49605,10.16749978,38.4375,126.5475006,14.38500023,2851.5,0.2434704348,0.1338811024,14.78626671
412,15.77333336,15.62999992,113795700,15.77333336,15.85426655,15.52786713,1325.627256,10.22599983,38.40999985,127.1220001,14.21599998,2922.6,0.1967389706,0.2434704348,15.32866669
413,16.99519997,16.99279976,109689300,16.99519997,17.19600029,16.82639999,1035.163287,10.26400013,39.40999985,129.8179993,14.12000008,2895.6,0.09777163121,0.1967389706,15.77333336
414,15.99693375,15.72773323,182703300,15.99693375,16.13506699,15.52226696,574.6884869,9.722000122,40.70200043,132.0619995,13.61200008,3140,0.1632544872,0.09777163121,16.99519997
415,15.47573318,15.49306679,95295000,15.47573318,15.70960007,15.17773323,957.5464388,9.365999794,39.48199997,128.4279999,12.72399998,2284.2,0.1756467742,0.1632544872,15.99693375
416,15.12373314,15.33226662,93397200,15.12373314,15.51720009,14.91133327,2883.848973,9.171999931,38.22799988,128.0939987,12.44799995,2236.6,0.2577266667,0.1756467742,15.47573318
417,14.7609333,14.88813362,96980100,14.7609333,15.02280025,14.5741333,3496.08181,8.968000031,36.95199966,129.2059998,12.39399986,2524,0.02779357143,0.2577266667,15.12373314
418,14.55986691,14.54906673,84581100,14.55986691,14.75880013,14.37453327,1624.006888,8.973999977,36.5159996,130.5320007,12.27600002,2477.4,0.1402283582,0.02779357143,14.7609333
419,15.04533315,15.01116681,85124250,15.04533315,15.28083324,14.80649996,972.7358767,9.245000124,38.16499996,131.7225037,12.42999983,2674.75,0.1819623932,0.1402283582,14.55986691
420,16.22026634,16.11786652,100646700,16.22026634,16.44119987,15.9383997,2039.451972,9.4,38.83600006,135.5119995,13.18999977,3312.4,0.2026303922,0.1819623932,15.04533315
421,15.93533363,16.25346642,97652100,15.93533363,16.40306664,15.82933331,2547.951622,9.157999992,37.46800003,136.7880005,13.14000015,3296.4,0.1758487013,0.2026303922,16.22026634
422,16.1784008,16.00866699,122024100,16.1784008,16.3546669,15.74400005,800.3426912,8.977999878,36.65999985,134.7700012,12.64399986,3579.2,0.1798289655,0.1758487013,15.93533363
423,15.97959976,15.78506641,113745300,15.97959976,16.18480053,15.64466667,1214.184039,8.628000069,34.46800003,132.0119965,12.26399994,3696.4,0.1216487395,0.1798289655,16.1784008
424,17.24693336,17.14919968,101523000,17.24693336,17.44306679,16.97919998,1207.923961,9.071999741,36.15399933,136.0839996,12.53199997,3459.2,0.2010066176,0.1216487395,15.97959976
425,18.55426674,18.17653313,223827600,18.55426674,18.78533325,17.83586693,1224.628393,8.926000023,36.28200073,137.2840027,12.56800003,4060.2,0.2134300699,0.2010066176,17.24693336
426,21.16226692,21.19933319,157941900,21.16226692,21.59213371,20.93493347,1786.002347,8.654000092,37.57799988,138.8839996,12.66000023,3741.2,0.1881153153,0.2134300699,18.55426674
427,22.15426674,21.93613358,136222500,22.15426674,22.37840004,21.77520027,1608.43776,8.990000153,38.50599976,142.6839996,12.88799992,3730.6,0.1698491228,0.1881153153,21.16226692
428,23.42853355,23.41893349,95457600,23.42853355,23.68146629,23.07133331,1330.296496,8.879999924,36.77599945,143.8300018,12.59200001,5072,0.1813796296,0.1698491228,22.15426674
429,22.45893326,22.73840027,146469300,22.45893326,22.87786636,22.32173347,806.0314812,8.942000198,35.57200012,142.1679993,12.33199997,8485.6,0.08065665025,0.1813796296,23.42853355
430,22.19213371,22.18279991,73114200,22.19213371,22.37106628,21.97973328,540.535171,8.968000221,35.70400009,141.4840027,12.35999985,5233.2,0.1087468085,0.08065665025,22.45893326
431,23.45519981,23.25866661,117252000,23.45519981,23.73760033,23.11133385,349.4760352,9.147999763,35.49600067,141.6779999,12.40800018,4342,0.1684068966,0.1087468085,22.19213371
432,26.17693329,25.73040047,220955400,26.17693329,26.45573311,25.54226646,720.6468618,9.442000008,36.84800034,142.4839996,12.23799992,3573.2,0.1293362637,0.1684068966,23.45519981
433,28.42983341,28.21749973,157327125,28.42983341,28.60450029,27.91916609,1456.303439,9.429999828,36.5975008,141.5275002,11.75,2874.75,0.2201130137,0.1293362637,26.17693329
434,29.05233335,28.50783348,178984875,29.05233335,29.29250002,28.34516621,1945.853283,9.272500038,36.53499985,141.0750008,11.58250022,3785,0.095571,0.2201130137,28.42983341
435,33.52546616,33.20466652,384174000,33.52546616,34.07026672,32.42266655,1090.382305,9.257999992,34.90200119,140.4659973,11.53600006,5643.8,0.1705377483,0.095571,29.05233335
436,35.67916679,35.0583334,317018625,35.67916679,36.22016525,34.71399975,991.5397196,9.174999952,35.26249981,141.0200005,11.4349997,4993.25,0.0924089172,0.1705377483,33.52546616
437,38.82053299,38.5229332,259672200,38.82053299,39.41053238,37.82733383,1177.017305,8.912000084,33.65800018,141.8059998,10.98600006,5090.6,0.1342674603,0.0924089172,35.67916679
438,51.98386688,50.80506592,640115700,51.98386688,55.55586624,48.38013306,952.388795,8.565999985,34.21600037,141.5559998,10.8039999,7696.8,0.2311262222,0.1342674603,38.82053299
439,52.22639999,51.67626724,271176600,52.22639999,53.65626755,50.59026718,1357.345395,8.150000191,34.95999985,141.4139984,10.22999992,4934.6,0.2057897297,0.2311262222,51.98386688
440,59.60383224,59.73383236,276579000,59.60383224,60.49733257,57.8961668,2220.081724,7.995000005,34.81750011,138.8424988,9.07249999,5107.75,0.1057371681,0.2057897297,52.22639999
441,48.92426605,49.36613312,300213300,48.92426605,51.25186768,47.0706665,8316.016281,7.113999939,31.27599983,132.8040009,8.572000122,4158.4,0.1628633333,0.1057371681,59.60383224
442,45.74466629,45.90066681,213698100,45.74466629,47.33693314,44.53426666,26033.17473,6.493999958,28.4260006,127.5880005,7.977999973,3959.6,0.1229545455,0.1628633333,48.92426605
443,31.2487999,32.9920002,329459100,31.2487999,34.31533279,29.82573357,64317.30602,5.100000095,21.17399979,114.3779999,7.219999981,3269.8,0.1039929825,0.1229545455,45.74466629
444,32.45640068,32.55653343,318715800,32.45640068,33.99586563,31.11533394,84829.15077,4.785999966,20.17999992,118.3079987,7.039999962,3119.8,0.227653913,0.1039929825,31.2487999
445,32.5622673,33.41386719,256629900,32.5622673,34.44413376,31.70826645,54097.74397,4.572000027,19.51800041,118.9399994,6.392000008,3455,0.2230402062,0.227653913,32.45640068
446,36.39216709,36.20816708,221728500,36.39216709,36.97316647,35.34566689,20036.83844,4.910000086,22.00999928,122.8150024,6.559999943,3265,0.1425955224,0.2230402062,32.5622673
447,47.86360092,46.93800049,331245000,47.86360092,49.08546753,45.83119965,24351.01829,5.107999992,22.2,123.0660004,6.739999962,3518,0.235410596,0.1425955224,36.39216709
448,48.64480057,48.13493347,244514100,48.64480057,50.0206665,46.65080032,18380.89964,4.893999958,21.6920002,122.1079987,6.488000011,3453.8,0.1678358025,0.235410596,47.86360092
449,50.84146576,51.88200073,340345500,50.84146576,53.42279968,49.19840012,11911.64577,5.020000076,21.79600029,123.0459991,6.638000011,5326.6,0.134770936,0.1678358025,48.64480057
450,53.48159943,53.45759964,237318600,53.48159943,54.84920044,52.20880051,2645.726811,4.98599987,22.63799973,121.2339996,6.677999973,7057.6,0.03945215311,0.134770936,50.84146576
451,54.18626633,54.26399994,154153800,54.18626633,54.93786621,53.39079971,2340.967042,5.326000023,24.68199959,118.4699997,6.99800005,4872.2,0.1539452991,0.03945215311,53.48159943
452,54.66516685,54.62699986,144972375,54.66516685,55.3676672,53.44349957,2963.444998,5.857500076,26.9375,126.3225002,7.787500024,5431,0.1917806818,0.1539452991,54.18626633
453,58.835466,58.7805336,159462600,58.835466,59.83826675,57.73119888,6033.775448,6.374000072,28.63800011,128.1840012,7.992000008,4863.4,0.1318209302,0.1917806818,54.66516685
454,64.31680145,64.28120117,230418600,64.31680145,65.85146561,62.6692009,12219.8208,6.834000015,28.75,129.1860001,8.346000004,4608.6,0.2647176923,0.1318209302,58.835466
455,66.30800018,66.87053375,146207700,66.30800018,67.4923996,65.61053314,6914.401961,6.344000053,26.99800034,128.7040024,7.9,3582.2,0.1859489655,0.2647176923,64.31680145
456,66.60973358,65.582267,165041700,66.60973358,67.72733459,63.96546783,3725.043749,5.996000004,25.11399956,126.85,7.523999977,3080.4,0.2014110092,0.1859489655,66.30800018
457,88.93300056,88.46966553,283578750,88.93300056,90.87583542,84.99483299,3519.296098,6.112500072,25.25999975,125.9350014,7.417500019,5085.75,0.2549635514,0.2014110092,66.60973358
458,101.4021332,101.7487991,349229100,101.4021332,106.8749329,96.01493225,2264.852254,6.423999977,25.72399979,126.0540009,7.511999893,4806,0.132488587,0.2549635514,88.93300056
459,103.1167999,104.7053329,273344400,103.1167999,108.0722656,99.40413361,4395.840929,6.807999992,26.29399986,126.1759995,7.872000027,5579.2,0.239466,0.132488587,101.4021332
460,99.11266785,99.23999939,183340500,99.11266785,102.3698654,96.88533325,2779.567903,6.842000008,25.60200005,123.7639984,7.335999966,3662.4,0.2539425532,0.239466,103.1167999
461,98.65746765,99.03426666,111182400,98.65746765,100.7215988,96.8928009,1843.318297,6.860000038,26.22199974,125.3940018,7.228000069,3275.6,0.2163428571,0.2539425532,99.11266785
462,107.1533325,104.2532013,251101200,107.1533325,108.9445328,102.2230667,2640.80968,7.078000069,28.39400024,135.1160004,7.755999947,3536,0.2198037736,0.2163428571,98.65746765
463,132.9050659,131.6214676,255087600,132.9050659,135.8057327,128.2511963,3328.427545,6.857999992,29.32199974,134.5359985,7.922000027,4412.6,0.174775,0.2198037736,107.1533325
464,154.0780029,154.7237335,313957560,154.0780029,160.2991974,145.4362671,3202.103535,6.889999962,30.01800003,132.9459991,8.039999866,5400.4,0.1532511364,0.174775,132.9050659
465,123.8458328,125.1350002,292638000,123.8458328,130.3941689,116.9975014,4204.931078,6.952499986,31.12500048,131.4274979,7.787500024,5101.25,0.07122743902,0.1532511364,154.0780029
466,145.1146637,141.3946701,249470460,145.1146637,148.5679962,138.4073334,4405.860967,7.138000011,31.59400024,134.2160004,7.380000019,4199,0.1966436975,0.07122743902,123.8458328
467,136.6073334,136.3439987,268740840,136.6073334,140.9213318,129.5433334,6731.084065,6.692000008,29.37800026,132.3160004,7.00199995,5637.8,0.1383920354,0.1966436975,145.1146637
468,142.1686646,141.6059998,162153600,142.1686646,145.2346619,139.8026642,6309.385547,6.717999935,29.72199974,133.3719971,7.088000107,3995.2,0.2551992908,0.1383920354,136.6073334
469,142.7666656,143.615332,120247140,142.7666656,145.4006653,140.682666,2656.877774,7.296000004,31.71999969,132.1039978,7.255999947,3999.8,0.1668113333,0.2551992908,142.1686646
470,146.841333,148.834668,110563260,146.841333,150.4780029,145.1080017,6994.21076,7.638000011,33.33199959,131.1059998,7.052000046,4149.8,0.1513828571,0.1668113333,142.7666656
471,139.8266663,141.0419983,90052380,139.8266663,142.8653351,137.8660004,3650.845821,8.003999901,35.80800018,132.4160034,7.269999981,4074.8,0.1996276423,0.1513828571,146.841333
472,138.1013306,137.9699951,99865020,138.1013306,141.182666,134.6133347,5349.771417,7.789999962,35.36199951,134.326001,7.288000011,3593.6,0.1174044444,0.1996276423,139.8266663
473,137.9339996,140.1293335,73260660,137.9339996,141.7879974,135.9193329,7127.856206,8.331999969,40.22200012,140.673999,8.034000015,3984,0.1937526316,0.1174044444,138.1013306
474,155.0146698,153.8293335,156874860,155.0146698,158.7706665,150.4820007,11488.60569,8.78599987,42.53800049,142.3460022,9.203999901,5549.8,0.2071697248,0.1937526316,137.9339996
475,186.4158287,181.2599983,142800075,186.4158287,188.2308311,179.3174973,13358.55959,9.119999886,45.4375,142.142498,9.920000076,6338.75,0.1585303571,0.2071697248,155.0146698
476,199.1839996,195.9986664,129685320,199.1839996,201.0793335,192.282666,3980.576635,9.242000008,44.41200104,137.1519989,10.08000011,5082.4,0.1353507576,0.1585303571,186.4158287
477,207.641333,207.0233307,169176900,207.641333,213.0480011,199.0093323,2191.2212,9.129999924,42.49999924,148.276004,10.79400005,5291.4,0.2382238095,0.1353507576,199.1839996
478,219.1386658,216.2353333,252798360,219.1386658,221.5800018,208.7273346,1526.756403,8.947999954,41.51999969,152.4220032,10.88200016,4634.4,0.137822807,0.2382238095,207.641333
479,227.5108337,225.625,110763975,227.5108337,230.5516663,222.9399986,593.3408101,8.839999914,41.67749977,153.6500015,10.75749993,4310.5,0.1437942857,0.137822807,219.1386658
480,261.1279999,255.6826691,151282680,261.1279999,264.0539948,253.2719971,813.5841919,8.81400013,42.30599976,153.147998,10.58600006,9164.8,0.1301134615,0.1437942857,227.5108337
481,279.0799988,281.9033325,125357220,279.0799988,287.0533325,274.7206665,1954.96477,9.771999931,48.61199951,151.1079987,10.33400021,9019.6,0.2006386207,0.1301134615,261.1279999
482,282.219162,282.1541672,68715375,282.219162,284.4349976,278.359993,2234.946219,10.98250008,55.29500103,149.3499985,10.76999998,5764,0.1464770642,0.2006386207,279.0799988
483,281.0680054,281.734668,82335480,281.0680054,287.9873291,273.7946655,2227.311245,10.81199989,50.92200012,142.5700012,10.44400005,7506,0.169297093,0.1464770642,282.219162
484,284.6526611,286.7873352,52825320,284.6526611,289.1279968,281.4633362,1726.559879,11.51400013,55.14600067,150.776001,11.65200005,7753.6,0.1398080402,0.169297093,281.0680054
485,268.5125046,267.5658264,68392425,268.5125046,272.3375015,261.7925034,3365.617733,11.47999978,53.36249924,158.1100006,11.98749995,6655.5,0.2644,0.1398080402,284.6526611
486,241.2586639,243.8513367,119175480,241.2586639,250.7406647,231.4213318,4076.752955,11.78600006,51.83199997,152.0859985,11.20999985,6331.6,0.1406244186,0.2644,268.5125046
487,218.4973358,225.2160004,141835440,218.4973358,229.1399994,210.75,2068.475055,12.18000011,52.98000031,148.5500031,11.21400013,5303.6,0.1835358333,0.1406244186,241.2586639
488,219.8646667,218.5619995,149852220,219.8646667,227.5633362,210.158667,2220.393743,12.86199989,56.41000061,150.5079987,11.26800003,5359.8,0.1519496815,0.1835358333,218.4973358
489,226.3106628,225.6799988,106813560,226.3106628,231.4193298,218.8446655,2875.718506,12.73999977,58.83999939,154.9860016,11.22200012,5222.4,0.1040241176,0.1519496815,219.8646667
490,210.8546661,214.2793335,99601080,210.8546661,216.7746704,206.202002,3207.120173,12.22399998,56.20599976,152.2699982,11.08000011,4685,0.1373877358,0.1040241176,226.3106628
491,226.0291634,227.75,104062725,226.0291634,230.7608337,222.216671,2869.408561,12.50999999,59.55999947,154.8125,10.85749984,4508.5,0.235282906,0.1373877358,210.8546661
492,237.1566681,234.95,100900380,237.1566681,241.2740021,230.7906647,4828.157005,12.36800003,59.37600021,154.7480011,10.50799999,4479.2,0.19015,0.235282906,226.0291634
493,242.4806671,240.7960022,102048300,242.4806671,247.3779999,236.20867,8690.978688,11.89199963,57.30200043,155.6000031,10.30200024,4384.2,-0.04216832298,0.19015,237.1566681
494,234.9186646,234.8313354,91410360,234.9186646,239.9679993,230.9466644,4137.348271,11.99800014,57.90400009,152.5619965,10.17600002,4619,0.2042096386,-0.04216832298,242.4806671
495,224.3566681,227.3573364,77962860,224.3566681,229.7179993,221.0506683,1138.260281,11.64199982,57.55600128,152.1699982,10.17800007,4654.2,0.219377686,0.2042096386,234.9186646
496,199.8373352,203.4386688,113565420,199.8373352,207.4593353,196.0060028,911.8920707,11.60200005,55.49999924,154.3800018,9.96400013,5280.8,0.1498112245,0.219377686,224.3566681
497,194.3620026,191.5506683,100691280,194.3620026,197.497998,189.0053314,1386.493858,12.62600002,56.04999924,160.8220001,9.78200016,4357.4,0.1960352564,0.1498112245,199.8373352
498,208.3555552,206.2555593,77746900,208.3555552,210.321106,204.4544474,1446.851184,14.43666649,59.05333455,165.1833344,9.963333448,3498.666667,0.2293094118,0.1960352564,194.3620026